<?xml version="1.0"?>
<?mso-application progid="Excel.Sheet"?>
<Workbook xmlns="urn:schemas-microsoft-com:office:spreadsheet"
 xmlns:o="urn:schemas-microsoft-com:office:office"
 xmlns:x="urn:schemas-microsoft-com:office:excel"
 xmlns:ss="urn:schemas-microsoft-com:office:spreadsheet"
 xmlns:html="http://www.w3.org/TR/REC-html40">
 <DocumentProperties xmlns="urn:schemas-microsoft-com:office:office">
  <Author>Baro Sylvain</Author>
  <LastAuthor>Hekele, Bernd</LastAuthor>
  <Created>2013-02-25T10:47:19Z</Created>
  <LastSaved>2013-03-05T15:01:36Z</LastSaved>
  <Company>SNCF Master SEVEN</Company>
  <Version>14.00</Version>
 </DocumentProperties>
 <OfficeDocumentSettings xmlns="urn:schemas-microsoft-com:office:office">
  <AllowPNG/>
 </OfficeDocumentSettings>
 <ExcelWorkbook xmlns="urn:schemas-microsoft-com:office:excel">
  <WindowHeight>9015</WindowHeight>
  <WindowWidth>15600</WindowWidth>
  <WindowTopX>480</WindowTopX>
  <WindowTopY>90</WindowTopY>
  <ProtectStructure>False</ProtectStructure>
  <ProtectWindows>False</ProtectWindows>
 </ExcelWorkbook>
 <Styles>
  <Style ss:ID="Default" ss:Name="Normal">
   <Alignment ss:Vertical="Bottom"/>
   <Borders/>
   <Font ss:FontName="Arial"/>
   <Interior/>
   <NumberFormat/>
   <Protection/>
  </Style>
  <Style ss:ID="s62">
   <Borders>
    <Border ss:Position="Bottom" ss:LineStyle="Continuous" ss:Weight="1"/>
    <Border ss:Position="Left" ss:LineStyle="Continuous" ss:Weight="1"/>
    <Border ss:Position="Top" ss:LineStyle="Continuous" ss:Weight="1"/>
   </Borders>
   <Font ss:FontName="Arial" x:Family="Swiss" ss:Size="18" ss:Bold="1"/>
   <Interior ss:Color="#CCFFCC" ss:Pattern="Solid"/>
  </Style>
  <Style ss:ID="s63">
   <Borders>
    <Border ss:Position="Bottom" ss:LineStyle="Continuous" ss:Weight="1"/>
    <Border ss:Position="Top" ss:LineStyle="Continuous" ss:Weight="1"/>
   </Borders>
   <Font ss:FontName="Arial" x:Family="Swiss" ss:Size="18" ss:Bold="1"/>
   <Interior ss:Color="#CCFFCC" ss:Pattern="Solid"/>
  </Style>
  <Style ss:ID="s64">
   <Borders>
    <Border ss:Position="Bottom" ss:LineStyle="Continuous" ss:Weight="1"/>
    <Border ss:Position="Right" ss:LineStyle="Continuous" ss:Weight="1"/>
    <Border ss:Position="Top" ss:LineStyle="Continuous" ss:Weight="1"/>
   </Borders>
   <Interior ss:Color="#CCFFCC" ss:Pattern="Solid"/>
  </Style>
  <Style ss:ID="s65">
   <Borders>
    <Border ss:Position="Left" ss:LineStyle="Continuous" ss:Weight="1"/>
    <Border ss:Position="Right" ss:LineStyle="Continuous" ss:Weight="1"/>
    <Border ss:Position="Top" ss:LineStyle="Continuous" ss:Weight="1"/>
   </Borders>
   <Interior ss:Color="#FFFF99" ss:Pattern="Solid"/>
  </Style>
  <Style ss:ID="s66">
   <Borders>
    <Border ss:Position="Top" ss:LineStyle="Continuous" ss:Weight="1"/>
   </Borders>
   <Interior ss:Color="#FFFF99" ss:Pattern="Solid"/>
  </Style>
  <Style ss:ID="s67">
   <Borders>
    <Border ss:Position="Right" ss:LineStyle="Continuous" ss:Weight="1"/>
    <Border ss:Position="Top" ss:LineStyle="Continuous" ss:Weight="1"/>
   </Borders>
   <Interior ss:Color="#FFFF99" ss:Pattern="Solid"/>
  </Style>
  <Style ss:ID="s68">
   <Borders>
    <Border ss:Position="Bottom" ss:LineStyle="Continuous" ss:Weight="1"/>
    <Border ss:Position="Left" ss:LineStyle="Continuous" ss:Weight="1"/>
    <Border ss:Position="Right" ss:LineStyle="Continuous" ss:Weight="1"/>
   </Borders>
   <Interior ss:Color="#FFFF99" ss:Pattern="Solid"/>
  </Style>
  <Style ss:ID="s69">
   <Borders>
    <Border ss:Position="Bottom" ss:LineStyle="Continuous" ss:Weight="1"/>
   </Borders>
   <Interior ss:Color="#FFFF99" ss:Pattern="Solid"/>
  </Style>
  <Style ss:ID="s70">
   <Borders>
    <Border ss:Position="Bottom" ss:LineStyle="Continuous" ss:Weight="1"/>
    <Border ss:Position="Right" ss:LineStyle="Continuous" ss:Weight="1"/>
   </Borders>
   <Interior ss:Color="#FFFF99" ss:Pattern="Solid"/>
  </Style>
  <Style ss:ID="s71">
   <Borders>
    <Border ss:Position="Left" ss:LineStyle="Continuous" ss:Weight="1"/>
    <Border ss:Position="Right" ss:LineStyle="Continuous" ss:Weight="1"/>
   </Borders>
   <Interior ss:Color="#FFFF99" ss:Pattern="Solid"/>
  </Style>
  <Style ss:ID="s72">
   <Borders/>
   <Font ss:FontName="Arial" x:Family="Swiss"/>
   <Interior ss:Color="#FFFF99" ss:Pattern="Solid"/>
   <NumberFormat ss:Format="dd\-mmm"/>
  </Style>
  <Style ss:ID="s73">
   <Borders>
    <Border ss:Position="Right" ss:LineStyle="Continuous" ss:Weight="1"/>
   </Borders>
   <Interior ss:Color="#FFFF99" ss:Pattern="Solid"/>
  </Style>
  <Style ss:ID="s74">
   <Alignment ss:Vertical="Bottom" ss:WrapText="1"/>
   <Borders/>
   <Interior ss:Color="#FFFF99" ss:Pattern="Solid"/>
  </Style>
  <Style ss:ID="s75">
   <Borders/>
   <Interior ss:Color="#FFFF99" ss:Pattern="Solid"/>
  </Style>
  <Style ss:ID="s76">
   <Alignment ss:Horizontal="Left" ss:Vertical="Bottom"/>
   <Borders>
    <Border ss:Position="Left" ss:LineStyle="Continuous" ss:Weight="1"/>
    <Border ss:Position="Top" ss:LineStyle="Continuous" ss:Weight="1"/>
   </Borders>
   <Interior ss:Color="#FFFF99" ss:Pattern="Solid"/>
   <NumberFormat ss:Format="Short Date"/>
  </Style>
  <Style ss:ID="s77">
   <Borders>
    <Border ss:Position="Right" ss:LineStyle="Continuous" ss:Weight="1"/>
    <Border ss:Position="Top" ss:LineStyle="Continuous" ss:Weight="1"/>
   </Borders>
   <Interior ss:Color="#FFFF99" ss:Pattern="Solid"/>
   <NumberFormat ss:Format="Short Date"/>
  </Style>
  <Style ss:ID="s78">
   <Alignment ss:Horizontal="Left" ss:Vertical="Bottom"/>
   <Borders>
    <Border ss:Position="Bottom" ss:LineStyle="Continuous" ss:Weight="1"/>
    <Border ss:Position="Left" ss:LineStyle="Continuous" ss:Weight="1"/>
   </Borders>
   <Interior ss:Color="#FFFF99" ss:Pattern="Solid"/>
   <NumberFormat ss:Format="Short Date"/>
  </Style>
  <Style ss:ID="s79">
   <Borders>
    <Border ss:Position="Bottom" ss:LineStyle="Continuous" ss:Weight="1"/>
    <Border ss:Position="Right" ss:LineStyle="Continuous" ss:Weight="1"/>
   </Borders>
   <Interior ss:Color="#FFFF99" ss:Pattern="Solid"/>
   <NumberFormat ss:Format="Short Date"/>
  </Style>
  <Style ss:ID="s80">
   <Borders>
    <Border ss:Position="Bottom" ss:LineStyle="Continuous" ss:Weight="1"/>
    <Border ss:Position="Left" ss:LineStyle="Continuous" ss:Weight="1"/>
    <Border ss:Position="Right" ss:LineStyle="Continuous" ss:Weight="1"/>
    <Border ss:Position="Top" ss:LineStyle="Continuous" ss:Weight="1"/>
   </Borders>
   <Interior ss:Color="#FFFF00" ss:Pattern="Solid"/>
  </Style>
  <Style ss:ID="s81">
   <Borders>
    <Border ss:Position="Bottom" ss:LineStyle="Continuous" ss:Weight="1"/>
    <Border ss:Position="Left" ss:LineStyle="Continuous" ss:Weight="1"/>
    <Border ss:Position="Right" ss:LineStyle="Continuous" ss:Weight="1"/>
    <Border ss:Position="Top" ss:LineStyle="Continuous" ss:Weight="1"/>
   </Borders>
   <Interior ss:Color="#00CCFF" ss:Pattern="Solid"/>
  </Style>
  <Style ss:ID="s82">
   <Borders>
    <Border ss:Position="Bottom" ss:LineStyle="Continuous" ss:Weight="1"/>
    <Border ss:Position="Left" ss:LineStyle="Continuous" ss:Weight="1"/>
    <Border ss:Position="Right" ss:LineStyle="Continuous" ss:Weight="1"/>
    <Border ss:Position="Top" ss:LineStyle="Continuous" ss:Weight="1"/>
   </Borders>
   <Interior ss:Color="#FFFF99" ss:Pattern="Solid"/>
  </Style>
  <Style ss:ID="s83">
   <Borders>
    <Border ss:Position="Left" ss:LineStyle="Continuous" ss:Weight="1"/>
    <Border ss:Position="Right" ss:LineStyle="Continuous" ss:Weight="1"/>
   </Borders>
   <Interior ss:Color="#CCFFFF" ss:Pattern="Solid"/>
  </Style>
  <Style ss:ID="s84">
   <Borders>
    <Border ss:Position="Bottom" ss:LineStyle="Continuous" ss:Weight="1"/>
    <Border ss:Position="Left" ss:LineStyle="Continuous" ss:Weight="1"/>
    <Border ss:Position="Right" ss:LineStyle="Continuous" ss:Weight="1"/>
   </Borders>
   <Interior ss:Color="#CCFFFF" ss:Pattern="Solid"/>
  </Style>
  <Style ss:ID="s85">
   <Alignment ss:Horizontal="Left" ss:Vertical="Bottom"/>
   <Borders>
    <Border ss:Position="Bottom" ss:LineStyle="Continuous" ss:Weight="1"/>
    <Border ss:Position="Left" ss:LineStyle="Continuous" ss:Weight="1"/>
    <Border ss:Position="Right" ss:LineStyle="Continuous" ss:Weight="1"/>
    <Border ss:Position="Top" ss:LineStyle="Continuous" ss:Weight="1"/>
   </Borders>
   <Interior ss:Color="#FFFF99" ss:Pattern="Solid"/>
  </Style>
  <Style ss:ID="s86">
   <Alignment ss:Vertical="Bottom" ss:WrapText="1"/>
   <Borders>
    <Border ss:Position="Bottom" ss:LineStyle="Continuous" ss:Weight="1"/>
    <Border ss:Position="Left" ss:LineStyle="Continuous" ss:Weight="1"/>
    <Border ss:Position="Right" ss:LineStyle="Continuous" ss:Weight="1"/>
    <Border ss:Position="Top" ss:LineStyle="Continuous" ss:Weight="1"/>
   </Borders>
   <Interior ss:Color="#FFFF99" ss:Pattern="Solid"/>
  </Style>
  <Style ss:ID="s88">
   <Borders/>
  </Style>
  <Style ss:ID="s89">
   <Alignment ss:Horizontal="Left" ss:Vertical="Bottom"/>
   <Borders/>
   <Font ss:FontName="Arial" x:Family="Swiss" ss:Size="16" ss:Bold="1"/>
   <Interior/>
  </Style>
  <Style ss:ID="s90">
   <Borders/>
   <Interior/>
  </Style>
  <Style ss:ID="s91">
   <Alignment ss:Vertical="Bottom" ss:WrapText="1"/>
   <Borders/>
   <Interior/>
  </Style>
  <Style ss:ID="s92">
   <Alignment ss:Horizontal="Left" ss:Vertical="Bottom"/>
   <Borders/>
   <Interior/>
  </Style>
  <Style ss:ID="s93">
   <Borders/>
   <Font ss:FontName="Arial" x:Family="Swiss" ss:Size="16" ss:Bold="1"/>
   <Interior/>
  </Style>
  <Style ss:ID="s94">
   <Alignment ss:Horizontal="Left" ss:Vertical="Bottom"/>
   <Borders>
    <Border ss:Position="Bottom" ss:LineStyle="Continuous" ss:Weight="1"/>
    <Border ss:Position="Left" ss:LineStyle="Continuous" ss:Weight="1"/>
    <Border ss:Position="Right" ss:LineStyle="Continuous" ss:Weight="1"/>
    <Border ss:Position="Top" ss:LineStyle="Continuous" ss:Weight="1"/>
   </Borders>
   <Font ss:FontName="Arial" x:Family="Swiss" ss:Bold="1"/>
   <Interior ss:Color="#FFFF00" ss:Pattern="Solid"/>
  </Style>
  <Style ss:ID="s95">
   <Borders>
    <Border ss:Position="Bottom" ss:LineStyle="Continuous" ss:Weight="1"/>
    <Border ss:Position="Left" ss:LineStyle="Continuous" ss:Weight="1"/>
    <Border ss:Position="Right" ss:LineStyle="Continuous" ss:Weight="1"/>
    <Border ss:Position="Top" ss:LineStyle="Continuous" ss:Weight="1"/>
   </Borders>
   <Font ss:FontName="Arial" x:Family="Swiss" ss:Bold="1"/>
   <Interior ss:Color="#FFFF00" ss:Pattern="Solid"/>
  </Style>
  <Style ss:ID="s96">
   <Alignment ss:Vertical="Bottom" ss:WrapText="1"/>
   <Borders>
    <Border ss:Position="Bottom" ss:LineStyle="Continuous" ss:Weight="1"/>
    <Border ss:Position="Left" ss:LineStyle="Continuous" ss:Weight="1"/>
    <Border ss:Position="Right" ss:LineStyle="Continuous" ss:Weight="1"/>
    <Border ss:Position="Top" ss:LineStyle="Continuous" ss:Weight="1"/>
   </Borders>
   <Font ss:FontName="Arial" x:Family="Swiss" ss:Bold="1"/>
   <Interior ss:Color="#FFFF00" ss:Pattern="Solid"/>
  </Style>
  <Style ss:ID="s100">
   <Interior/>
  </Style>
  <Style ss:ID="s101">
   <Font ss:FontName="Arial" x:Family="Swiss" ss:Size="16" ss:Bold="1"/>
  </Style>
 </Styles>
 <Worksheet ss:Name="Review">
  <Table ss:ExpandedColumnCount="5" ss:ExpandedRowCount="47" x:FullColumns="1"
   x:FullRows="1" ss:DefaultColumnWidth="60">
   <Column ss:AutoFitWidth="0" ss:Width="219.75"/>
   <Column ss:AutoFitWidth="0" ss:Width="220.5"/>
   <Column ss:Index="5" ss:AutoFitWidth="0" ss:Width="402.75"/>
   <Row ss:AutoFitHeight="0" ss:Height="23.25">
    <Cell ss:StyleID="s62"><Data ss:Type="String">OpenETCS Review Sheet</Data></Cell>
    <Cell ss:StyleID="s63"/>
    <Cell ss:StyleID="s64"/>
   </Row>
   <Row ss:Index="3">
    <Cell ss:StyleID="s65"><Data ss:Type="String">Work Package</Data></Cell>
    <Cell ss:StyleID="s66"><Data ss:Type="String">WP2</Data></Cell>
    <Cell ss:StyleID="s67"/>
   </Row>
   <Row>
    <Cell ss:StyleID="s68"><Data ss:Type="String">Deliverable ID</Data></Cell>
    <Cell ss:StyleID="s69"><Data ss:Type="String">D2.4</Data></Cell>
    <Cell ss:StyleID="s70"/>
   </Row>
   <Row ss:Index="6">
    <Cell ss:StyleID="s65"><Data ss:Type="String">Document title</Data></Cell>
    <Cell ss:StyleID="s66"><Data ss:Type="String">OpenETCS methods</Data></Cell>
    <Cell ss:StyleID="s67"/>
   </Row>
   <Row>
    <Cell ss:StyleID="s71"><Data ss:Type="String">Document version</Data></Cell>
    <Cell ss:StyleID="s72"><Data ss:Type="String">01.01</Data></Cell>
    <Cell ss:StyleID="s73"/>
   </Row>
   <Row ss:AutoFitHeight="0" ss:Height="25.5">
    <Cell ss:StyleID="s71"><Data ss:Type="String">Document author(s)</Data></Cell>
    <Cell ss:StyleID="s74"><Data ss:Type="String">David Mentré, Marielle Petit-Doche and Matthias Güdemann</Data></Cell>
    <Cell ss:StyleID="s73"/>
   </Row>
   <Row>
    <Cell ss:StyleID="s71"><Data ss:Type="String">Organisation</Data></Cell>
    <Cell ss:StyleID="s75"><Data ss:Type="String">Systerel</Data></Cell>
    <Cell ss:StyleID="s73"/>
   </Row>
   <Row>
    <Cell ss:StyleID="s68"><Data ss:Type="String">Document approbation</Data></Cell>
    <Cell ss:StyleID="s69"><Data ss:Type="String">Gilles Delmas</Data></Cell>
    <Cell ss:StyleID="s70"/>
   </Row>
   <Row ss:Index="12">
    <Cell ss:StyleID="s65"><Data ss:Type="String">Review opening date</Data></Cell>
    <Cell ss:StyleID="s76"><Data ss:Type="DateTime">2013-05-03T00:00:00.000</Data></Cell>
    <Cell ss:StyleID="s77"/>
   </Row>
   <Row>
    <Cell ss:StyleID="s68"><Data ss:Type="String">Review closing date</Data></Cell>
    <Cell ss:StyleID="s78"><Data ss:Type="DateTime">2013-05-18T00:00:00.000</Data></Cell>
    <Cell ss:StyleID="s79"/>
   </Row>
   <Row ss:Index="15">
    <Cell ss:StyleID="s80"><Data ss:Type="String">Reviewer's name</Data></Cell>
    <Cell ss:StyleID="s80"><Data ss:Type="String">Organisation</Data></Cell>
    <Cell ss:StyleID="s80"><Data ss:Type="String">Initials</Data></Cell>
    <Cell ss:Index="5" ss:StyleID="s81"><Data ss:Type="String">Explanations:</Data></Cell>
   </Row>
   <Row>
    <Cell ss:StyleID="s82"><Data ss:Type="String">Bernd Hekele, Baseliyos Jacob, Klaus-Rüdiger Hase</Data></Cell>
    <Cell ss:StyleID="s82"><Data ss:Type="String">DB</Data></Cell>
    <Cell ss:StyleID="s82"><Data ss:Type="String">BH</Data></Cell>
    <Cell ss:Index="5" ss:StyleID="s83"><Data ss:Type="String">Review: main sheet providing the document and review information.</Data></Cell>
   </Row>
   <Row>
    <Cell ss:StyleID="s82"/>
    <Cell ss:StyleID="s82"/>
    <Cell ss:StyleID="s82"/>
    <Cell ss:Index="5" ss:StyleID="s83"><Data ss:Type="String">Comments: detailed comments and the answer provided</Data></Cell>
   </Row>
   <Row>
    <Cell ss:StyleID="s82"/>
    <Cell ss:StyleID="s82"/>
    <Cell ss:StyleID="s82"/>
    <Cell ss:Index="5" ss:StyleID="s84"><Data ss:Type="String">Main Issues: main/open issues on the document after review</Data></Cell>
   </Row>
   <Row>
    <Cell ss:StyleID="s82"/>
    <Cell ss:StyleID="s82"/>
    <Cell ss:StyleID="s82"/>
   </Row>
   <Row>
    <Cell ss:StyleID="s82"/>
    <Cell ss:StyleID="s82"/>
    <Cell ss:StyleID="s82"/>
   </Row>
   <Row>
    <Cell ss:StyleID="s82"/>
    <Cell ss:StyleID="s82"/>
    <Cell ss:StyleID="s82"/>
   </Row>
   <Row>
    <Cell ss:StyleID="s82"/>
    <Cell ss:StyleID="s82"/>
    <Cell ss:StyleID="s82"/>
   </Row>
   <Row>
    <Cell ss:StyleID="s82"/>
    <Cell ss:StyleID="s82"/>
    <Cell ss:StyleID="s82"/>
   </Row>
   <Row>
    <Cell ss:StyleID="s82"/>
    <Cell ss:StyleID="s82"/>
    <Cell ss:StyleID="s82"/>
   </Row>
   <Row>
    <Cell ss:StyleID="s82"/>
    <Cell ss:StyleID="s82"/>
    <Cell ss:StyleID="s82"/>
   </Row>
   <Row>
    <Cell ss:StyleID="s82"/>
    <Cell ss:StyleID="s82"/>
    <Cell ss:StyleID="s82"/>
   </Row>
   <Row>
    <Cell ss:StyleID="s82"/>
    <Cell ss:StyleID="s82"/>
    <Cell ss:StyleID="s82"/>
   </Row>
   <Row>
    <Cell ss:StyleID="s82"/>
    <Cell ss:StyleID="s82"/>
    <Cell ss:StyleID="s82"/>
   </Row>
   <Row>
    <Cell ss:StyleID="s82"/>
    <Cell ss:StyleID="s82"/>
    <Cell ss:StyleID="s82"/>
   </Row>
   <Row>
    <Cell ss:StyleID="s82"/>
    <Cell ss:StyleID="s82"/>
    <Cell ss:StyleID="s82"/>
   </Row>
   <Row>
    <Cell ss:StyleID="s82"/>
    <Cell ss:StyleID="s82"/>
    <Cell ss:StyleID="s82"/>
   </Row>
   <Row>
    <Cell ss:StyleID="s82"/>
    <Cell ss:StyleID="s82"/>
    <Cell ss:StyleID="s82"/>
   </Row>
   <Row>
    <Cell ss:StyleID="s82"/>
    <Cell ss:StyleID="s82"/>
    <Cell ss:StyleID="s82"/>
   </Row>
   <Row>
    <Cell ss:StyleID="s82"/>
    <Cell ss:StyleID="s82"/>
    <Cell ss:StyleID="s82"/>
   </Row>
   <Row>
    <Cell ss:StyleID="s82"/>
    <Cell ss:StyleID="s82"/>
    <Cell ss:StyleID="s82"/>
   </Row>
   <Row>
    <Cell ss:StyleID="s82"/>
    <Cell ss:StyleID="s82"/>
    <Cell ss:StyleID="s82"/>
   </Row>
   <Row>
    <Cell ss:StyleID="s82"/>
    <Cell ss:StyleID="s82"/>
    <Cell ss:StyleID="s82"/>
   </Row>
   <Row>
    <Cell ss:StyleID="s82"/>
    <Cell ss:StyleID="s82"/>
    <Cell ss:StyleID="s82"/>
   </Row>
   <Row>
    <Cell ss:StyleID="s82"/>
    <Cell ss:StyleID="s82"/>
    <Cell ss:StyleID="s82"/>
   </Row>
   <Row>
    <Cell ss:StyleID="s82"/>
    <Cell ss:StyleID="s82"/>
    <Cell ss:StyleID="s82"/>
   </Row>
   <Row>
    <Cell ss:StyleID="s82"/>
    <Cell ss:StyleID="s82"/>
    <Cell ss:StyleID="s82"/>
   </Row>
   <Row>
    <Cell ss:StyleID="s82"/>
    <Cell ss:StyleID="s82"/>
    <Cell ss:StyleID="s82"/>
   </Row>
   <Row>
    <Cell ss:StyleID="s82"/>
    <Cell ss:StyleID="s82"/>
    <Cell ss:StyleID="s82"/>
   </Row>
   <Row>
    <Cell ss:StyleID="s82"/>
    <Cell ss:StyleID="s82"/>
    <Cell ss:StyleID="s82"/>
   </Row>
   <Row>
    <Cell ss:StyleID="s82"/>
    <Cell ss:StyleID="s82"/>
    <Cell ss:StyleID="s82"/>
   </Row>
   <Row>
    <Cell ss:StyleID="s82"/>
    <Cell ss:StyleID="s82"/>
    <Cell ss:StyleID="s82"/>
   </Row>
   <Row>
    <Cell ss:StyleID="s82"/>
    <Cell ss:StyleID="s82"/>
    <Cell ss:StyleID="s82"/>
   </Row>
  </Table>
  <WorksheetOptions xmlns="urn:schemas-microsoft-com:office:excel">
   <PageSetup>
    <Header x:Margin="0.4921259845"/>
    <Footer x:Margin="0.4921259845"/>
    <PageMargins x:Bottom="0.984251969" x:Left="0.78740157499999996"
     x:Right="0.78740157499999996" x:Top="0.984251969"/>
   </PageSetup>
   <Print>
    <ValidPrinterInfo/>
    <PaperSizeIndex>9</PaperSizeIndex>
    <HorizontalResolution>600</HorizontalResolution>
    <VerticalResolution>600</VerticalResolution>
   </Print>
   <Selected/>
   <Panes>
    <Pane>
     <Number>3</Number>
     <ActiveRow>15</ActiveRow>
     <ActiveCol>1</ActiveCol>
    </Pane>
   </Panes>
   <ProtectObjects>False</ProtectObjects>
   <ProtectScenarios>False</ProtectScenarios>
  </WorksheetOptions>
 </Worksheet>
 <Worksheet ss:Name="Comments">
  <Table ss:ExpandedColumnCount="7" ss:ExpandedRowCount="23" x:FullColumns="1"
   x:FullRows="1" ss:DefaultColumnWidth="60">
   <Column ss:StyleID="s85" ss:AutoFitWidth="0" ss:Width="28.5"/>
   <Column ss:StyleID="s82" ss:AutoFitWidth="0"/>
   <Column ss:StyleID="s86" ss:AutoFitWidth="0" ss:Width="63.75"/>
   <Column ss:StyleID="s82" ss:AutoFitWidth="0"/>
   <Column ss:StyleID="s86" ss:AutoFitWidth="0" ss:Width="287.25"/>
   <Column ss:StyleID="s86" ss:AutoFitWidth="0" ss:Width="331.5"/>
   <Column ss:StyleID="s82" ss:Width="73.5"/>
   <Row ss:AutoFitHeight="0" ss:Height="20.25" ss:StyleID="s88">
    <Cell ss:StyleID="s89"><Data ss:Type="String">Comments</Data></Cell>
    <Cell ss:StyleID="s90"/>
    <Cell ss:StyleID="s91"/>
    <Cell ss:StyleID="s90"/>
    <Cell ss:StyleID="s91"/>
    <Cell ss:StyleID="s91"/>
    <Cell ss:StyleID="s90"/>
   </Row>
   <Row ss:AutoFitHeight="0" ss:Height="20.25" ss:StyleID="s88">
    <Cell ss:StyleID="s92"/>
    <Cell ss:StyleID="s93"/>
    <Cell ss:StyleID="s91"/>
    <Cell ss:StyleID="s90"/>
    <Cell ss:StyleID="s91"/>
    <Cell ss:StyleID="s91"/>
    <Cell ss:StyleID="s90"/>
   </Row>
   <Row>
    <Cell ss:StyleID="s94"><Data ss:Type="String">#</Data></Cell>
    <Cell ss:StyleID="s95"><Data ss:Type="String">Reviewer</Data></Cell>
    <Cell ss:StyleID="s96"><Data ss:Type="String">Page/§/Req.</Data><Comment
      ss:Author="Baro Sylvain"><ss:Data xmlns="http://www.w3.org/TR/REC-html40"><B><Font
         html:Face="Tahoma" html:Size="9" html:Color="#000000">Baro Sylvain:</Font></B><Font
        html:Face="Tahoma" html:Size="9" html:Color="#000000">&#10;Page number, paragraph number or requirement number depending of what is more appropriate in this document</Font></ss:Data></Comment></Cell>
    <Cell ss:StyleID="s95"><Data ss:Type="String">Maj/Min/Q</Data><Comment
      ss:Author="Baro Sylvain"><ss:Data xmlns="http://www.w3.org/TR/REC-html40"><B><Font
         html:Face="Tahoma" html:Size="9" html:Color="#000000">Baro Sylvain:</Font></B><Font
        html:Face="Tahoma" html:Size="9" html:Color="#000000">&#10;Major/Minor/Question</Font></ss:Data></Comment></Cell>
    <Cell ss:StyleID="s96"><Data ss:Type="String">Comment</Data></Cell>
    <Cell ss:StyleID="s96"><Data ss:Type="String">Answer</Data></Cell>
    <Cell ss:StyleID="s95"><Data ss:Type="String">OK/NOK/OPEN</Data><Comment
      ss:Author="Baro Sylvain"><ss:Data xmlns="http://www.w3.org/TR/REC-html40"><B><Font
         html:Face="Tahoma" html:Size="9" html:Color="#000000">Baro Sylvain:</Font></B><Font
        html:Face="Tahoma" html:Size="9" html:Color="#000000">&#10;OPEN = Open issue, added on the dedicated sheet.&#10;</Font></ss:Data></Comment></Cell>
   </Row>
   <Row ss:Height="51">
    <Cell ss:Index="2"><Data ss:Type="String">BH</Data></Cell>
    <Cell><Data ss:Type="String">7/§4.4</Data></Cell>
    <Cell><Data ss:Type="String">Maj</Data></Cell>
    <Cell><Data ss:Type="String">We see the benefit of easy extensions in the requirements as another advantage. The model can be extended as well and most of the Formal Methods should be available by inheritance. Please, add a section on this.</Data></Cell>
   </Row>
   <Row ss:Height="25.5">
    <Cell ss:Index="2"><Data ss:Type="String">BH</Data></Cell>
    <Cell><Data ss:Type="String">7/§4.5 , bullets</Data></Cell>
    <Cell><Data ss:Type="String">Maj</Data></Cell>
    <Cell><Data ss:Type="String">The &quot;Specification of Requirements&quot; (as we intend to do) is another step in the cycle worth mentioning as a first bullet.</Data></Cell>
   </Row>
   <Row ss:Height="76.5">
    <Cell ss:Index="2"><Data ss:Type="String">BH</Data></Cell>
    <Cell><Data ss:Type="String">General</Data></Cell>
    <Cell><Data ss:Type="String">Maj</Data></Cell>
    <Cell><Data ss:Type="String">We miss the classification of our investigated tools in the document. You should indicate e.g.,  in which phase the tool can be used and the method supported by the tool. Some tools are missing in your investigation, e.g., ERTMS Solutions, Papyrus,. This level of information should be available now after having had the workshops.</Data></Cell>
   </Row>
   <Row ss:AutoFitHeight="0" ss:Height="38.25"/>
   <Row ss:AutoFitHeight="0" ss:Height="114.75"/>
   <Row ss:AutoFitHeight="0" ss:Height="38.25"/>
   <Row ss:AutoFitHeight="0" ss:Height="76.5"/>
   <Row ss:AutoFitHeight="0" ss:Height="38.25" ss:Span="1"/>
   <Row ss:Index="16" ss:StyleID="s100">
    <Cell ss:StyleID="s85"/>
    <Cell ss:StyleID="s82"/>
    <Cell ss:StyleID="s86"/>
    <Cell ss:StyleID="s82"/>
    <Cell ss:StyleID="s86"/>
    <Cell ss:StyleID="s86"/>
    <Cell ss:StyleID="s82"/>
   </Row>
   <Row ss:StyleID="s100">
    <Cell ss:StyleID="s85"/>
    <Cell ss:StyleID="s82"/>
    <Cell ss:StyleID="s86"/>
    <Cell ss:StyleID="s82"/>
    <Cell ss:StyleID="s86"/>
    <Cell ss:StyleID="s86"/>
    <Cell ss:StyleID="s82"/>
   </Row>
   <Row ss:StyleID="s100">
    <Cell ss:StyleID="s85"/>
    <Cell ss:StyleID="s82"/>
    <Cell ss:StyleID="s86"/>
    <Cell ss:StyleID="s82"/>
    <Cell ss:StyleID="s86"/>
    <Cell ss:StyleID="s86"/>
    <Cell ss:StyleID="s82"/>
   </Row>
   <Row ss:StyleID="s100">
    <Cell ss:StyleID="s85"/>
    <Cell ss:StyleID="s82"/>
    <Cell ss:StyleID="s86"/>
    <Cell ss:StyleID="s82"/>
    <Cell ss:StyleID="s86"/>
    <Cell ss:StyleID="s86"/>
    <Cell ss:StyleID="s82"/>
   </Row>
   <Row ss:StyleID="s100">
    <Cell ss:StyleID="s85"/>
    <Cell ss:StyleID="s82"/>
    <Cell ss:StyleID="s86"/>
    <Cell ss:StyleID="s82"/>
    <Cell ss:StyleID="s86"/>
    <Cell ss:StyleID="s86"/>
    <Cell ss:StyleID="s82"/>
   </Row>
   <Row ss:StyleID="s100">
    <Cell ss:StyleID="s85"/>
    <Cell ss:StyleID="s82"/>
    <Cell ss:StyleID="s86"/>
    <Cell ss:StyleID="s82"/>
    <Cell ss:StyleID="s86"/>
    <Cell ss:StyleID="s86"/>
    <Cell ss:StyleID="s82"/>
   </Row>
   <Row ss:StyleID="s100">
    <Cell ss:StyleID="s85"/>
    <Cell ss:StyleID="s82"/>
    <Cell ss:StyleID="s86"/>
    <Cell ss:StyleID="s82"/>
    <Cell ss:StyleID="s86"/>
    <Cell ss:StyleID="s86"/>
    <Cell ss:StyleID="s82"/>
   </Row>
   <Row ss:StyleID="s100">
    <Cell ss:StyleID="s85"/>
    <Cell ss:StyleID="s82"/>
    <Cell ss:StyleID="s86"/>
    <Cell ss:StyleID="s82"/>
    <Cell ss:StyleID="s86"/>
    <Cell ss:StyleID="s86"/>
    <Cell ss:StyleID="s82"/>
   </Row>
  </Table>
  <WorksheetOptions xmlns="urn:schemas-microsoft-com:office:excel">
   <PageSetup>
    <Header x:Margin="0.4921259845"/>
    <Footer x:Margin="0.4921259845"/>
    <PageMargins x:Bottom="0.984251969" x:Left="0.78740157499999996"
     x:Right="0.78740157499999996" x:Top="0.984251969"/>
   </PageSetup>
   <Print>
    <ValidPrinterInfo/>
    <PaperSizeIndex>9</PaperSizeIndex>
    <HorizontalResolution>600</HorizontalResolution>
    <VerticalResolution>600</VerticalResolution>
   </Print>
   <Panes>
    <Pane>
     <Number>3</Number>
     <ActiveRow>6</ActiveRow>
     <ActiveCol>4</ActiveCol>
    </Pane>
   </Panes>
   <ProtectObjects>False</ProtectObjects>
   <ProtectScenarios>False</ProtectScenarios>
  </WorksheetOptions>
  <ConditionalFormatting xmlns="urn:schemas-microsoft-com:office:excel">
   <Range>C7</Range>
   <Condition>
    <Qualifier>Equal</Qualifier>
    <Value1>&quot;OK&quot;</Value1>
    <Format Style='background:lime'/>
   </Condition>
   <Condition>
    <Qualifier>Equal</Qualifier>
    <Value1>&quot;NOK&quot;</Value1>
    <Format Style='background:#FF6600'/>
   </Condition>
   <Condition>
    <Qualifier>Equal</Qualifier>
    <Value1>&quot;OPEN&quot;</Value1>
    <Format Style='background:red'/>
   </Condition>
  </ConditionalFormatting>
 </Worksheet>
 <Worksheet ss:Name="Main Issues">
  <Table ss:ExpandedColumnCount="5" ss:ExpandedRowCount="38" x:FullColumns="1"
   x:FullRows="1" ss:DefaultColumnWidth="60">
   <Column ss:AutoFitWidth="0" ss:Width="38.25"/>
   <Column ss:AutoFitWidth="0" ss:Width="132.75"/>
   <Column ss:AutoFitWidth="0" ss:Width="330"/>
   <Column ss:AutoFitWidth="0" ss:Width="317.25"/>
   <Row ss:AutoFitHeight="0" ss:Height="20.25">
    <Cell ss:StyleID="s101"><Data ss:Type="String">Main/Open Issues</Data></Cell>
   </Row>
   <Row ss:Index="3">
    <Cell ss:StyleID="s96"><Data ss:Type="String">#</Data></Cell>
    <Cell ss:StyleID="s96"><Data ss:Type="String">Title</Data></Cell>
    <Cell ss:StyleID="s96"><Data ss:Type="String">Description</Data></Cell>
    <Cell ss:StyleID="s96"><Data ss:Type="String">Proposal</Data></Cell>
    <Cell ss:StyleID="s96"><Data ss:Type="String">Status</Data></Cell>
   </Row>
   <Row>
    <Cell ss:StyleID="s86"/>
    <Cell ss:StyleID="s86"/>
    <Cell ss:StyleID="s86"/>
    <Cell ss:StyleID="s86"/>
    <Cell ss:StyleID="s86"/>
   </Row>
   <Row>
    <Cell ss:StyleID="s86"/>
    <Cell ss:StyleID="s86"/>
    <Cell ss:StyleID="s86"/>
    <Cell ss:StyleID="s86"/>
    <Cell ss:StyleID="s86"/>
   </Row>
   <Row>
    <Cell ss:StyleID="s86"/>
    <Cell ss:StyleID="s86"/>
    <Cell ss:StyleID="s86"/>
    <Cell ss:StyleID="s86"/>
    <Cell ss:StyleID="s86"/>
   </Row>
   <Row>
    <Cell ss:StyleID="s86"/>
    <Cell ss:StyleID="s86"/>
    <Cell ss:StyleID="s86"/>
    <Cell ss:StyleID="s86"/>
    <Cell ss:StyleID="s86"/>
   </Row>
   <Row>
    <Cell ss:StyleID="s86"/>
    <Cell ss:StyleID="s86"/>
    <Cell ss:StyleID="s86"/>
    <Cell ss:StyleID="s86"/>
    <Cell ss:StyleID="s82"/>
   </Row>
   <Row>
    <Cell ss:StyleID="s86"/>
    <Cell ss:StyleID="s86"/>
    <Cell ss:StyleID="s86"/>
    <Cell ss:StyleID="s86"/>
    <Cell ss:StyleID="s82"/>
   </Row>
   <Row>
    <Cell ss:StyleID="s86"/>
    <Cell ss:StyleID="s86"/>
    <Cell ss:StyleID="s86"/>
    <Cell ss:StyleID="s86"/>
    <Cell ss:StyleID="s82"/>
   </Row>
   <Row>
    <Cell ss:StyleID="s86"/>
    <Cell ss:StyleID="s86"/>
    <Cell ss:StyleID="s86"/>
    <Cell ss:StyleID="s86"/>
    <Cell ss:StyleID="s82"/>
   </Row>
   <Row>
    <Cell ss:StyleID="s86"/>
    <Cell ss:StyleID="s86"/>
    <Cell ss:StyleID="s86"/>
    <Cell ss:StyleID="s86"/>
    <Cell ss:StyleID="s82"/>
   </Row>
   <Row>
    <Cell ss:StyleID="s86"/>
    <Cell ss:StyleID="s86"/>
    <Cell ss:StyleID="s86"/>
    <Cell ss:StyleID="s86"/>
    <Cell ss:StyleID="s82"/>
   </Row>
   <Row>
    <Cell ss:StyleID="s86"/>
    <Cell ss:StyleID="s86"/>
    <Cell ss:StyleID="s86"/>
    <Cell ss:StyleID="s86"/>
    <Cell ss:StyleID="s82"/>
   </Row>
   <Row>
    <Cell ss:StyleID="s86"/>
    <Cell ss:StyleID="s86"/>
    <Cell ss:StyleID="s86"/>
    <Cell ss:StyleID="s86"/>
    <Cell ss:StyleID="s82"/>
   </Row>
   <Row>
    <Cell ss:StyleID="s86"/>
    <Cell ss:StyleID="s86"/>
    <Cell ss:StyleID="s86"/>
    <Cell ss:StyleID="s86"/>
    <Cell ss:StyleID="s82"/>
   </Row>
   <Row>
    <Cell ss:StyleID="s86"/>
    <Cell ss:StyleID="s86"/>
    <Cell ss:StyleID="s86"/>
    <Cell ss:StyleID="s86"/>
    <Cell ss:StyleID="s82"/>
   </Row>
   <Row>
    <Cell ss:StyleID="s86"/>
    <Cell ss:StyleID="s86"/>
    <Cell ss:StyleID="s86"/>
    <Cell ss:StyleID="s86"/>
    <Cell ss:StyleID="s82"/>
   </Row>
   <Row>
    <Cell ss:StyleID="s86"/>
    <Cell ss:StyleID="s86"/>
    <Cell ss:StyleID="s86"/>
    <Cell ss:StyleID="s86"/>
    <Cell ss:StyleID="s82"/>
   </Row>
   <Row>
    <Cell ss:StyleID="s86"/>
    <Cell ss:StyleID="s86"/>
    <Cell ss:StyleID="s86"/>
    <Cell ss:StyleID="s86"/>
    <Cell ss:StyleID="s82"/>
   </Row>
   <Row>
    <Cell ss:StyleID="s86"/>
    <Cell ss:StyleID="s86"/>
    <Cell ss:StyleID="s86"/>
    <Cell ss:StyleID="s86"/>
    <Cell ss:StyleID="s82"/>
   </Row>
   <Row>
    <Cell ss:StyleID="s86"/>
    <Cell ss:StyleID="s86"/>
    <Cell ss:StyleID="s86"/>
    <Cell ss:StyleID="s86"/>
    <Cell ss:StyleID="s82"/>
   </Row>
   <Row>
    <Cell ss:StyleID="s86"/>
    <Cell ss:StyleID="s86"/>
    <Cell ss:StyleID="s86"/>
    <Cell ss:StyleID="s86"/>
    <Cell ss:StyleID="s82"/>
   </Row>
   <Row>
    <Cell ss:StyleID="s86"/>
    <Cell ss:StyleID="s86"/>
    <Cell ss:StyleID="s86"/>
    <Cell ss:StyleID="s86"/>
    <Cell ss:StyleID="s82"/>
   </Row>
   <Row>
    <Cell ss:StyleID="s86"/>
    <Cell ss:StyleID="s86"/>
    <Cell ss:StyleID="s86"/>
    <Cell ss:StyleID="s86"/>
    <Cell ss:StyleID="s82"/>
   </Row>
   <Row>
    <Cell ss:StyleID="s86"/>
    <Cell ss:StyleID="s86"/>
    <Cell ss:StyleID="s86"/>
    <Cell ss:StyleID="s86"/>
    <Cell ss:StyleID="s82"/>
   </Row>
   <Row>
    <Cell ss:StyleID="s86"/>
    <Cell ss:StyleID="s86"/>
    <Cell ss:StyleID="s86"/>
    <Cell ss:StyleID="s86"/>
    <Cell ss:StyleID="s82"/>
   </Row>
   <Row>
    <Cell ss:StyleID="s86"/>
    <Cell ss:StyleID="s86"/>
    <Cell ss:StyleID="s86"/>
    <Cell ss:StyleID="s86"/>
    <Cell ss:StyleID="s82"/>
   </Row>
   <Row>
    <Cell ss:StyleID="s86"/>
    <Cell ss:StyleID="s86"/>
    <Cell ss:StyleID="s86"/>
    <Cell ss:StyleID="s86"/>
    <Cell ss:StyleID="s82"/>
   </Row>
   <Row>
    <Cell ss:StyleID="s86"/>
    <Cell ss:StyleID="s86"/>
    <Cell ss:StyleID="s86"/>
    <Cell ss:StyleID="s86"/>
    <Cell ss:StyleID="s82"/>
   </Row>
   <Row>
    <Cell ss:StyleID="s86"/>
    <Cell ss:StyleID="s86"/>
    <Cell ss:StyleID="s86"/>
    <Cell ss:StyleID="s86"/>
    <Cell ss:StyleID="s82"/>
   </Row>
   <Row>
    <Cell ss:StyleID="s86"/>
    <Cell ss:StyleID="s86"/>
    <Cell ss:StyleID="s86"/>
    <Cell ss:StyleID="s86"/>
    <Cell ss:StyleID="s82"/>
   </Row>
   <Row>
    <Cell ss:StyleID="s86"/>
    <Cell ss:StyleID="s86"/>
    <Cell ss:StyleID="s86"/>
    <Cell ss:StyleID="s86"/>
    <Cell ss:StyleID="s82"/>
   </Row>
   <Row>
    <Cell ss:StyleID="s86"/>
    <Cell ss:StyleID="s86"/>
    <Cell ss:StyleID="s86"/>
    <Cell ss:StyleID="s86"/>
    <Cell ss:StyleID="s82"/>
   </Row>
   <Row>
    <Cell ss:StyleID="s86"/>
    <Cell ss:StyleID="s86"/>
    <Cell ss:StyleID="s86"/>
    <Cell ss:StyleID="s86"/>
    <Cell ss:StyleID="s82"/>
   </Row>
   <Row>
    <Cell ss:StyleID="s86"/>
    <Cell ss:StyleID="s86"/>
    <Cell ss:StyleID="s86"/>
    <Cell ss:StyleID="s86"/>
    <Cell ss:StyleID="s82"/>
   </Row>
   <Row>
    <Cell ss:StyleID="s86"/>
    <Cell ss:StyleID="s86"/>
    <Cell ss:StyleID="s86"/>
    <Cell ss:StyleID="s86"/>
    <Cell ss:StyleID="s82"/>
   </Row>
   <Row>
    <Cell ss:StyleID="s86"/>
    <Cell ss:StyleID="s86"/>
    <Cell ss:StyleID="s86"/>
    <Cell ss:StyleID="s86"/>
    <Cell ss:StyleID="s82"/>
   </Row>
  </Table>
  <WorksheetOptions xmlns="urn:schemas-microsoft-com:office:excel">
   <PageSetup>
    <Header x:Margin="0.4921259845"/>
    <Footer x:Margin="0.4921259845"/>
    <PageMargins x:Bottom="0.984251969" x:Left="0.78740157499999996"
     x:Right="0.78740157499999996" x:Top="0.984251969"/>
   </PageSetup>
   <Print>
    <ValidPrinterInfo/>
    <PaperSizeIndex>9</PaperSizeIndex>
    <HorizontalResolution>600</HorizontalResolution>
    <VerticalResolution>600</VerticalResolution>
   </Print>
   <Panes>
    <Pane>
     <Number>3</Number>
     <ActiveRow>2</ActiveRow>
    </Pane>
   </Panes>
   <ProtectObjects>False</ProtectObjects>
   <ProtectScenarios>False</ProtectScenarios>
  </WorksheetOptions>
 </Worksheet>
</Workbook>
