<?xml version="1.0"?>
<?mso-application progid="Excel.Sheet"?>
<Workbook xmlns="urn:schemas-microsoft-com:office:spreadsheet"
 xmlns:o="urn:schemas-microsoft-com:office:office"
 xmlns:x="urn:schemas-microsoft-com:office:excel"
 xmlns:ss="urn:schemas-microsoft-com:office:spreadsheet"
 xmlns:html="http://www.w3.org/TR/REC-html40">
 <DocumentProperties xmlns="urn:schemas-microsoft-com:office:office">
  <Author>Baro Sylvain</Author>
  <LastAuthor>Hekele, Bernd</LastAuthor>
  <Created>2013-02-25T10:47:19Z</Created>
  <LastSaved>2013-05-15T08:01:57Z</LastSaved>
  <Company>SNCF Master SEVEN</Company>
  <Version>14.00</Version>
 </DocumentProperties>
 <OfficeDocumentSettings xmlns="urn:schemas-microsoft-com:office:office">
  <AllowPNG/>
 </OfficeDocumentSettings>
 <ExcelWorkbook xmlns="urn:schemas-microsoft-com:office:excel">
  <WindowHeight>9015</WindowHeight>
  <WindowWidth>15600</WindowWidth>
  <WindowTopX>480</WindowTopX>
  <WindowTopY>90</WindowTopY>
  <ActiveSheet>1</ActiveSheet>
  <ProtectStructure>False</ProtectStructure>
  <ProtectWindows>False</ProtectWindows>
 </ExcelWorkbook>
 <Styles>
  <Style ss:ID="Default" ss:Name="Normal">
   <Alignment ss:Vertical="Bottom"/>
   <Borders/>
   <Font ss:FontName="Arial"/>
   <Interior/>
   <NumberFormat/>
   <Protection/>
  </Style>
  <Style ss:ID="s62">
   <Borders>
    <Border ss:Position="Bottom" ss:LineStyle="Continuous" ss:Weight="1"/>
    <Border ss:Position="Left" ss:LineStyle="Continuous" ss:Weight="1"/>
    <Border ss:Position="Top" ss:LineStyle="Continuous" ss:Weight="1"/>
   </Borders>
   <Font ss:FontName="Arial" x:Family="Swiss" ss:Size="18" ss:Bold="1"/>
   <Interior ss:Color="#CCFFCC" ss:Pattern="Solid"/>
  </Style>
  <Style ss:ID="s63">
   <Borders>
    <Border ss:Position="Bottom" ss:LineStyle="Continuous" ss:Weight="1"/>
    <Border ss:Position="Top" ss:LineStyle="Continuous" ss:Weight="1"/>
   </Borders>
   <Font ss:FontName="Arial" x:Family="Swiss" ss:Size="18" ss:Bold="1"/>
   <Interior ss:Color="#CCFFCC" ss:Pattern="Solid"/>
  </Style>
  <Style ss:ID="s64">
   <Borders>
    <Border ss:Position="Bottom" ss:LineStyle="Continuous" ss:Weight="1"/>
    <Border ss:Position="Right" ss:LineStyle="Continuous" ss:Weight="1"/>
    <Border ss:Position="Top" ss:LineStyle="Continuous" ss:Weight="1"/>
   </Borders>
   <Interior ss:Color="#CCFFCC" ss:Pattern="Solid"/>
  </Style>
  <Style ss:ID="s65">
   <Borders>
    <Border ss:Position="Left" ss:LineStyle="Continuous" ss:Weight="1"/>
    <Border ss:Position="Right" ss:LineStyle="Continuous" ss:Weight="1"/>
    <Border ss:Position="Top" ss:LineStyle="Continuous" ss:Weight="1"/>
   </Borders>
   <Interior ss:Color="#FFFF99" ss:Pattern="Solid"/>
  </Style>
  <Style ss:ID="s66">
   <Borders>
    <Border ss:Position="Top" ss:LineStyle="Continuous" ss:Weight="1"/>
   </Borders>
   <Interior ss:Color="#FFFF99" ss:Pattern="Solid"/>
  </Style>
  <Style ss:ID="s67">
   <Borders>
    <Border ss:Position="Right" ss:LineStyle="Continuous" ss:Weight="1"/>
    <Border ss:Position="Top" ss:LineStyle="Continuous" ss:Weight="1"/>
   </Borders>
   <Interior ss:Color="#FFFF99" ss:Pattern="Solid"/>
  </Style>
  <Style ss:ID="s68">
   <Borders>
    <Border ss:Position="Bottom" ss:LineStyle="Continuous" ss:Weight="1"/>
    <Border ss:Position="Left" ss:LineStyle="Continuous" ss:Weight="1"/>
    <Border ss:Position="Right" ss:LineStyle="Continuous" ss:Weight="1"/>
   </Borders>
   <Interior ss:Color="#FFFF99" ss:Pattern="Solid"/>
  </Style>
  <Style ss:ID="s69">
   <Borders>
    <Border ss:Position="Bottom" ss:LineStyle="Continuous" ss:Weight="1"/>
   </Borders>
   <Interior ss:Color="#FFFF99" ss:Pattern="Solid"/>
  </Style>
  <Style ss:ID="s70">
   <Borders>
    <Border ss:Position="Bottom" ss:LineStyle="Continuous" ss:Weight="1"/>
    <Border ss:Position="Right" ss:LineStyle="Continuous" ss:Weight="1"/>
   </Borders>
   <Interior ss:Color="#FFFF99" ss:Pattern="Solid"/>
  </Style>
  <Style ss:ID="s71">
   <Borders>
    <Border ss:Position="Left" ss:LineStyle="Continuous" ss:Weight="1"/>
    <Border ss:Position="Right" ss:LineStyle="Continuous" ss:Weight="1"/>
   </Borders>
   <Interior ss:Color="#FFFF99" ss:Pattern="Solid"/>
  </Style>
  <Style ss:ID="s72">
   <Borders/>
   <Font ss:FontName="Arial" x:Family="Swiss"/>
   <Interior ss:Color="#FFFF99" ss:Pattern="Solid"/>
   <NumberFormat ss:Format="dd\-mmm"/>
  </Style>
  <Style ss:ID="s73">
   <Borders>
    <Border ss:Position="Right" ss:LineStyle="Continuous" ss:Weight="1"/>
   </Borders>
   <Interior ss:Color="#FFFF99" ss:Pattern="Solid"/>
  </Style>
  <Style ss:ID="s74">
   <Borders/>
   <Interior ss:Color="#FFFF99" ss:Pattern="Solid"/>
  </Style>
  <Style ss:ID="s75">
   <Alignment ss:Horizontal="Left" ss:Vertical="Bottom"/>
   <Borders>
    <Border ss:Position="Left" ss:LineStyle="Continuous" ss:Weight="1"/>
    <Border ss:Position="Top" ss:LineStyle="Continuous" ss:Weight="1"/>
   </Borders>
   <Interior ss:Color="#FFFF99" ss:Pattern="Solid"/>
   <NumberFormat ss:Format="Short Date"/>
  </Style>
  <Style ss:ID="s76">
   <Borders>
    <Border ss:Position="Right" ss:LineStyle="Continuous" ss:Weight="1"/>
    <Border ss:Position="Top" ss:LineStyle="Continuous" ss:Weight="1"/>
   </Borders>
   <Interior ss:Color="#FFFF99" ss:Pattern="Solid"/>
   <NumberFormat ss:Format="Short Date"/>
  </Style>
  <Style ss:ID="s77">
   <Alignment ss:Horizontal="Left" ss:Vertical="Bottom"/>
   <Borders>
    <Border ss:Position="Bottom" ss:LineStyle="Continuous" ss:Weight="1"/>
    <Border ss:Position="Left" ss:LineStyle="Continuous" ss:Weight="1"/>
   </Borders>
   <Interior ss:Color="#FFFF99" ss:Pattern="Solid"/>
   <NumberFormat ss:Format="Short Date"/>
  </Style>
  <Style ss:ID="s78">
   <Borders>
    <Border ss:Position="Bottom" ss:LineStyle="Continuous" ss:Weight="1"/>
    <Border ss:Position="Right" ss:LineStyle="Continuous" ss:Weight="1"/>
   </Borders>
   <Interior ss:Color="#FFFF99" ss:Pattern="Solid"/>
   <NumberFormat ss:Format="Short Date"/>
  </Style>
  <Style ss:ID="s79">
   <Borders>
    <Border ss:Position="Bottom" ss:LineStyle="Continuous" ss:Weight="1"/>
    <Border ss:Position="Left" ss:LineStyle="Continuous" ss:Weight="1"/>
    <Border ss:Position="Right" ss:LineStyle="Continuous" ss:Weight="1"/>
    <Border ss:Position="Top" ss:LineStyle="Continuous" ss:Weight="1"/>
   </Borders>
   <Interior ss:Color="#FFFF00" ss:Pattern="Solid"/>
  </Style>
  <Style ss:ID="s80">
   <Borders>
    <Border ss:Position="Bottom" ss:LineStyle="Continuous" ss:Weight="1"/>
    <Border ss:Position="Left" ss:LineStyle="Continuous" ss:Weight="1"/>
    <Border ss:Position="Right" ss:LineStyle="Continuous" ss:Weight="1"/>
    <Border ss:Position="Top" ss:LineStyle="Continuous" ss:Weight="1"/>
   </Borders>
   <Interior ss:Color="#00CCFF" ss:Pattern="Solid"/>
  </Style>
  <Style ss:ID="s81">
   <Borders>
    <Border ss:Position="Bottom" ss:LineStyle="Continuous" ss:Weight="1"/>
    <Border ss:Position="Left" ss:LineStyle="Continuous" ss:Weight="1"/>
    <Border ss:Position="Right" ss:LineStyle="Continuous" ss:Weight="1"/>
    <Border ss:Position="Top" ss:LineStyle="Continuous" ss:Weight="1"/>
   </Borders>
   <Interior ss:Color="#FFFF99" ss:Pattern="Solid"/>
  </Style>
  <Style ss:ID="s82">
   <Borders>
    <Border ss:Position="Left" ss:LineStyle="Continuous" ss:Weight="1"/>
    <Border ss:Position="Right" ss:LineStyle="Continuous" ss:Weight="1"/>
   </Borders>
   <Interior ss:Color="#CCFFFF" ss:Pattern="Solid"/>
  </Style>
  <Style ss:ID="s83">
   <Borders>
    <Border ss:Position="Bottom" ss:LineStyle="Continuous" ss:Weight="1"/>
    <Border ss:Position="Left" ss:LineStyle="Continuous" ss:Weight="1"/>
    <Border ss:Position="Right" ss:LineStyle="Continuous" ss:Weight="1"/>
   </Borders>
   <Interior ss:Color="#CCFFFF" ss:Pattern="Solid"/>
  </Style>
  <Style ss:ID="s84">
   <Alignment ss:Horizontal="Left" ss:Vertical="Bottom"/>
   <Borders>
    <Border ss:Position="Bottom" ss:LineStyle="Continuous" ss:Weight="1"/>
    <Border ss:Position="Left" ss:LineStyle="Continuous" ss:Weight="1"/>
    <Border ss:Position="Right" ss:LineStyle="Continuous" ss:Weight="1"/>
    <Border ss:Position="Top" ss:LineStyle="Continuous" ss:Weight="1"/>
   </Borders>
   <Interior ss:Color="#FFFF99" ss:Pattern="Solid"/>
  </Style>
  <Style ss:ID="s85">
   <Alignment ss:Vertical="Bottom" ss:WrapText="1"/>
   <Borders>
    <Border ss:Position="Bottom" ss:LineStyle="Continuous" ss:Weight="1"/>
    <Border ss:Position="Left" ss:LineStyle="Continuous" ss:Weight="1"/>
    <Border ss:Position="Right" ss:LineStyle="Continuous" ss:Weight="1"/>
    <Border ss:Position="Top" ss:LineStyle="Continuous" ss:Weight="1"/>
   </Borders>
   <Interior ss:Color="#FFFF99" ss:Pattern="Solid"/>
  </Style>
  <Style ss:ID="s88">
   <Borders/>
  </Style>
  <Style ss:ID="s89">
   <Alignment ss:Horizontal="Left" ss:Vertical="Bottom"/>
   <Borders/>
   <Font ss:FontName="Arial" x:Family="Swiss" ss:Size="16" ss:Bold="1"/>
   <Interior/>
  </Style>
  <Style ss:ID="s90">
   <Borders/>
   <Interior/>
  </Style>
  <Style ss:ID="s91">
   <Alignment ss:Vertical="Bottom" ss:WrapText="1"/>
   <Borders/>
   <Interior/>
  </Style>
  <Style ss:ID="s92">
   <Alignment ss:Horizontal="Left" ss:Vertical="Bottom"/>
   <Borders/>
   <Interior/>
  </Style>
  <Style ss:ID="s93">
   <Borders/>
   <Font ss:FontName="Arial" x:Family="Swiss" ss:Size="16" ss:Bold="1"/>
   <Interior/>
  </Style>
  <Style ss:ID="s94">
   <Alignment ss:Horizontal="Left" ss:Vertical="Bottom"/>
   <Borders>
    <Border ss:Position="Bottom" ss:LineStyle="Continuous" ss:Weight="1"/>
    <Border ss:Position="Left" ss:LineStyle="Continuous" ss:Weight="1"/>
    <Border ss:Position="Right" ss:LineStyle="Continuous" ss:Weight="1"/>
    <Border ss:Position="Top" ss:LineStyle="Continuous" ss:Weight="1"/>
   </Borders>
   <Font ss:FontName="Arial" x:Family="Swiss" ss:Bold="1"/>
   <Interior ss:Color="#FFFF00" ss:Pattern="Solid"/>
  </Style>
  <Style ss:ID="s95">
   <Borders>
    <Border ss:Position="Bottom" ss:LineStyle="Continuous" ss:Weight="1"/>
    <Border ss:Position="Left" ss:LineStyle="Continuous" ss:Weight="1"/>
    <Border ss:Position="Right" ss:LineStyle="Continuous" ss:Weight="1"/>
    <Border ss:Position="Top" ss:LineStyle="Continuous" ss:Weight="1"/>
   </Borders>
   <Font ss:FontName="Arial" x:Family="Swiss" ss:Bold="1"/>
   <Interior ss:Color="#FFFF00" ss:Pattern="Solid"/>
  </Style>
  <Style ss:ID="s96">
   <Alignment ss:Vertical="Bottom" ss:WrapText="1"/>
   <Borders>
    <Border ss:Position="Bottom" ss:LineStyle="Continuous" ss:Weight="1"/>
    <Border ss:Position="Left" ss:LineStyle="Continuous" ss:Weight="1"/>
    <Border ss:Position="Right" ss:LineStyle="Continuous" ss:Weight="1"/>
    <Border ss:Position="Top" ss:LineStyle="Continuous" ss:Weight="1"/>
   </Borders>
   <Font ss:FontName="Arial" x:Family="Swiss" ss:Bold="1"/>
   <Interior ss:Color="#FFFF00" ss:Pattern="Solid"/>
  </Style>
  <Style ss:ID="s97">
   <Alignment ss:Vertical="Bottom" ss:WrapText="1"/>
   <Borders>
    <Border ss:Position="Bottom" ss:LineStyle="Continuous" ss:Weight="1"/>
    <Border ss:Position="Left" ss:LineStyle="Continuous" ss:Weight="1"/>
    <Border ss:Position="Right" ss:LineStyle="Continuous" ss:Weight="1"/>
    <Border ss:Position="Top" ss:LineStyle="Continuous" ss:Weight="1"/>
   </Borders>
   <Font ss:FontName="Arial" x:Family="Swiss"/>
   <Interior ss:Color="#FFFF99" ss:Pattern="Solid"/>
  </Style>
  <Style ss:ID="s98">
   <Borders>
    <Border ss:Position="Bottom" ss:LineStyle="Continuous" ss:Weight="1"/>
    <Border ss:Position="Left" ss:LineStyle="Continuous" ss:Weight="1"/>
    <Border ss:Position="Right" ss:LineStyle="Continuous" ss:Weight="1"/>
    <Border ss:Position="Top" ss:LineStyle="Continuous" ss:Weight="1"/>
   </Borders>
   <Font ss:FontName="Arial" x:Family="Swiss"/>
   <Interior ss:Color="#FFFF99" ss:Pattern="Solid"/>
  </Style>
  <Style ss:ID="s102">
   <Interior/>
  </Style>
  <Style ss:ID="s103">
   <Font ss:FontName="Arial" x:Family="Swiss" ss:Size="16" ss:Bold="1"/>
  </Style>
 </Styles>
 <Worksheet ss:Name="Review">
  <Table ss:ExpandedColumnCount="5" ss:ExpandedRowCount="47" x:FullColumns="1"
   x:FullRows="1" ss:DefaultColumnWidth="60">
   <Column ss:AutoFitWidth="0" ss:Width="219.75"/>
   <Column ss:AutoFitWidth="0" ss:Width="220.5"/>
   <Column ss:Index="5" ss:AutoFitWidth="0" ss:Width="402.75"/>
   <Row ss:AutoFitHeight="0" ss:Height="23.25">
    <Cell ss:StyleID="s62"><Data ss:Type="String">OpenETCS Review Sheet</Data></Cell>
    <Cell ss:StyleID="s63"/>
    <Cell ss:StyleID="s64"/>
   </Row>
   <Row ss:Index="3">
    <Cell ss:StyleID="s65"><Data ss:Type="String">Work Package</Data></Cell>
    <Cell ss:StyleID="s66"><Data ss:Type="String">WP2</Data></Cell>
    <Cell ss:StyleID="s67"/>
   </Row>
   <Row>
    <Cell ss:StyleID="s68"><Data ss:Type="String">Deliverable ID</Data></Cell>
    <Cell ss:StyleID="s69"><Data ss:Type="String">D2.3</Data></Cell>
    <Cell ss:StyleID="s70"/>
   </Row>
   <Row ss:Index="6">
    <Cell ss:StyleID="s65"><Data ss:Type="String">Document title</Data></Cell>
    <Cell ss:StyleID="s66"><Data ss:Type="String">OpenETCS process</Data></Cell>
    <Cell ss:StyleID="s67"/>
   </Row>
   <Row>
    <Cell ss:StyleID="s71"><Data ss:Type="String">Document version</Data></Cell>
    <Cell ss:StyleID="s72"><Data ss:Type="String">01.01</Data></Cell>
    <Cell ss:StyleID="s73"/>
   </Row>
   <Row>
    <Cell ss:StyleID="s71"><Data ss:Type="String">Document author(s)</Data></Cell>
    <Cell ss:StyleID="s74"><Data ss:Type="String">Marielle Petit-Doche and Matthias Güdemann</Data></Cell>
    <Cell ss:StyleID="s73"/>
   </Row>
   <Row>
    <Cell ss:StyleID="s71"><Data ss:Type="String">Organisation</Data></Cell>
    <Cell ss:StyleID="s74"><Data ss:Type="String">Systerel</Data></Cell>
    <Cell ss:StyleID="s73"/>
   </Row>
   <Row>
    <Cell ss:StyleID="s68"><Data ss:Type="String">Document approbation</Data></Cell>
    <Cell ss:StyleID="s69"><Data ss:Type="String">Gilles Delmas</Data></Cell>
    <Cell ss:StyleID="s70"/>
   </Row>
   <Row ss:Index="12">
    <Cell ss:StyleID="s65"><Data ss:Type="String">Review opening date</Data></Cell>
    <Cell ss:StyleID="s75"><Data ss:Type="DateTime">2013-05-03T00:00:00.000</Data></Cell>
    <Cell ss:StyleID="s76"/>
   </Row>
   <Row>
    <Cell ss:StyleID="s68"><Data ss:Type="String">Review closing date</Data></Cell>
    <Cell ss:StyleID="s77"><Data ss:Type="DateTime">2013-05-18T00:00:00.000</Data></Cell>
    <Cell ss:StyleID="s78"/>
   </Row>
   <Row ss:Index="15">
    <Cell ss:StyleID="s79"><Data ss:Type="String">Reviewer's name</Data></Cell>
    <Cell ss:StyleID="s79"><Data ss:Type="String">Organisation</Data></Cell>
    <Cell ss:StyleID="s79"><Data ss:Type="String">Initials</Data></Cell>
    <Cell ss:Index="5" ss:StyleID="s80"><Data ss:Type="String">Explanations:</Data></Cell>
   </Row>
   <Row>
    <Cell ss:StyleID="s81"><Data ss:Type="String">Peter Mahlmann</Data></Cell>
    <Cell ss:StyleID="s81"><Data ss:Type="String">DB</Data></Cell>
    <Cell ss:StyleID="s81"><Data ss:Type="String">PM</Data></Cell>
    <Cell ss:Index="5" ss:StyleID="s82"><Data ss:Type="String">Review: main sheet providing the document and review information.</Data></Cell>
   </Row>
   <Row>
    <Cell ss:StyleID="s81"><Data ss:Type="String">Bernd Hekele, Baseliyos Jaccccb, Klaus-Rüdiger Hase</Data></Cell>
    <Cell ss:StyleID="s81"><Data ss:Type="String">DB</Data></Cell>
    <Cell ss:StyleID="s81"><Data ss:Type="String">BH</Data></Cell>
    <Cell ss:Index="5" ss:StyleID="s82"><Data ss:Type="String">Comments: detailed comments and the answer provided</Data></Cell>
   </Row>
   <Row>
    <Cell ss:StyleID="s81"/>
    <Cell ss:StyleID="s81"/>
    <Cell ss:StyleID="s81"/>
    <Cell ss:Index="5" ss:StyleID="s83"><Data ss:Type="String">Main Issues: main/open issues on the document after review</Data></Cell>
   </Row>
   <Row>
    <Cell ss:StyleID="s81"/>
    <Cell ss:StyleID="s81"/>
    <Cell ss:StyleID="s81"/>
   </Row>
   <Row>
    <Cell ss:StyleID="s81"/>
    <Cell ss:StyleID="s81"/>
    <Cell ss:StyleID="s81"/>
   </Row>
   <Row>
    <Cell ss:StyleID="s81"/>
    <Cell ss:StyleID="s81"/>
    <Cell ss:StyleID="s81"/>
   </Row>
   <Row>
    <Cell ss:StyleID="s81"/>
    <Cell ss:StyleID="s81"/>
    <Cell ss:StyleID="s81"/>
   </Row>
   <Row>
    <Cell ss:StyleID="s81"/>
    <Cell ss:StyleID="s81"/>
    <Cell ss:StyleID="s81"/>
   </Row>
   <Row>
    <Cell ss:StyleID="s81"/>
    <Cell ss:StyleID="s81"/>
    <Cell ss:StyleID="s81"/>
   </Row>
   <Row>
    <Cell ss:StyleID="s81"/>
    <Cell ss:StyleID="s81"/>
    <Cell ss:StyleID="s81"/>
   </Row>
   <Row>
    <Cell ss:StyleID="s81"/>
    <Cell ss:StyleID="s81"/>
    <Cell ss:StyleID="s81"/>
   </Row>
   <Row>
    <Cell ss:StyleID="s81"/>
    <Cell ss:StyleID="s81"/>
    <Cell ss:StyleID="s81"/>
   </Row>
   <Row>
    <Cell ss:StyleID="s81"/>
    <Cell ss:StyleID="s81"/>
    <Cell ss:StyleID="s81"/>
   </Row>
   <Row>
    <Cell ss:StyleID="s81"/>
    <Cell ss:StyleID="s81"/>
    <Cell ss:StyleID="s81"/>
   </Row>
   <Row>
    <Cell ss:StyleID="s81"/>
    <Cell ss:StyleID="s81"/>
    <Cell ss:StyleID="s81"/>
   </Row>
   <Row>
    <Cell ss:StyleID="s81"/>
    <Cell ss:StyleID="s81"/>
    <Cell ss:StyleID="s81"/>
   </Row>
   <Row>
    <Cell ss:StyleID="s81"/>
    <Cell ss:StyleID="s81"/>
    <Cell ss:StyleID="s81"/>
   </Row>
   <Row>
    <Cell ss:StyleID="s81"/>
    <Cell ss:StyleID="s81"/>
    <Cell ss:StyleID="s81"/>
   </Row>
   <Row>
    <Cell ss:StyleID="s81"/>
    <Cell ss:StyleID="s81"/>
    <Cell ss:StyleID="s81"/>
   </Row>
   <Row>
    <Cell ss:StyleID="s81"/>
    <Cell ss:StyleID="s81"/>
    <Cell ss:StyleID="s81"/>
   </Row>
   <Row>
    <Cell ss:StyleID="s81"/>
    <Cell ss:StyleID="s81"/>
    <Cell ss:StyleID="s81"/>
   </Row>
   <Row>
    <Cell ss:StyleID="s81"/>
    <Cell ss:StyleID="s81"/>
    <Cell ss:StyleID="s81"/>
   </Row>
   <Row>
    <Cell ss:StyleID="s81"/>
    <Cell ss:StyleID="s81"/>
    <Cell ss:StyleID="s81"/>
   </Row>
   <Row>
    <Cell ss:StyleID="s81"/>
    <Cell ss:StyleID="s81"/>
    <Cell ss:StyleID="s81"/>
   </Row>
   <Row>
    <Cell ss:StyleID="s81"/>
    <Cell ss:StyleID="s81"/>
    <Cell ss:StyleID="s81"/>
   </Row>
   <Row>
    <Cell ss:StyleID="s81"/>
    <Cell ss:StyleID="s81"/>
    <Cell ss:StyleID="s81"/>
   </Row>
   <Row>
    <Cell ss:StyleID="s81"/>
    <Cell ss:StyleID="s81"/>
    <Cell ss:StyleID="s81"/>
   </Row>
   <Row>
    <Cell ss:StyleID="s81"/>
    <Cell ss:StyleID="s81"/>
    <Cell ss:StyleID="s81"/>
   </Row>
   <Row>
    <Cell ss:StyleID="s81"/>
    <Cell ss:StyleID="s81"/>
    <Cell ss:StyleID="s81"/>
   </Row>
   <Row>
    <Cell ss:StyleID="s81"/>
    <Cell ss:StyleID="s81"/>
    <Cell ss:StyleID="s81"/>
   </Row>
   <Row>
    <Cell ss:StyleID="s81"/>
    <Cell ss:StyleID="s81"/>
    <Cell ss:StyleID="s81"/>
   </Row>
   <Row>
    <Cell ss:StyleID="s81"/>
    <Cell ss:StyleID="s81"/>
    <Cell ss:StyleID="s81"/>
   </Row>
  </Table>
  <WorksheetOptions xmlns="urn:schemas-microsoft-com:office:excel">
   <PageSetup>
    <Header x:Margin="0.4921259845"/>
    <Footer x:Margin="0.4921259845"/>
    <PageMargins x:Bottom="0.984251969" x:Left="0.78740157499999996"
     x:Right="0.78740157499999996" x:Top="0.984251969"/>
   </PageSetup>
   <Print>
    <ValidPrinterInfo/>
    <PaperSizeIndex>9</PaperSizeIndex>
    <HorizontalResolution>600</HorizontalResolution>
    <VerticalResolution>600</VerticalResolution>
   </Print>
   <Panes>
    <Pane>
     <Number>3</Number>
     <ActiveRow>17</ActiveRow>
    </Pane>
   </Panes>
   <ProtectObjects>False</ProtectObjects>
   <ProtectScenarios>False</ProtectScenarios>
  </WorksheetOptions>
 </Worksheet>
 <Worksheet ss:Name="Comments">
  <Table ss:ExpandedColumnCount="7" ss:ExpandedRowCount="34" x:FullColumns="1"
   x:FullRows="1" ss:DefaultColumnWidth="60">
   <Column ss:StyleID="s84" ss:AutoFitWidth="0" ss:Width="28.5"/>
   <Column ss:StyleID="s81" ss:AutoFitWidth="0"/>
   <Column ss:StyleID="s85" ss:AutoFitWidth="0" ss:Width="63.75"/>
   <Column ss:StyleID="s81" ss:AutoFitWidth="0"/>
   <Column ss:StyleID="s85" ss:AutoFitWidth="0" ss:Width="287.25"/>
   <Column ss:StyleID="s85" ss:AutoFitWidth="0" ss:Width="331.5"/>
   <Column ss:StyleID="s81" ss:Width="73.5"/>
   <Row ss:AutoFitHeight="0" ss:Height="20.25" ss:StyleID="s88">
    <Cell ss:StyleID="s89"><Data ss:Type="String">Comments</Data></Cell>
    <Cell ss:StyleID="s90"/>
    <Cell ss:StyleID="s91"/>
    <Cell ss:StyleID="s90"/>
    <Cell ss:StyleID="s91"/>
    <Cell ss:StyleID="s91"/>
    <Cell ss:StyleID="s90"/>
   </Row>
   <Row ss:AutoFitHeight="0" ss:Height="20.25" ss:StyleID="s88">
    <Cell ss:StyleID="s92"/>
    <Cell ss:StyleID="s93"/>
    <Cell ss:StyleID="s91"/>
    <Cell ss:StyleID="s90"/>
    <Cell ss:StyleID="s91"/>
    <Cell ss:StyleID="s91"/>
    <Cell ss:StyleID="s90"/>
   </Row>
   <Row>
    <Cell ss:StyleID="s94"><Data ss:Type="String">#</Data></Cell>
    <Cell ss:StyleID="s95"><Data ss:Type="String">Reviewer</Data></Cell>
    <Cell ss:StyleID="s96"><Data ss:Type="String">Page/§/Req.</Data><Comment
      ss:Author="Baro Sylvain"><ss:Data xmlns="http://www.w3.org/TR/REC-html40"><B><Font
         html:Face="Tahoma" html:Size="9" html:Color="#000000">Baro Sylvain:</Font></B><Font
        html:Face="Tahoma" html:Size="9" html:Color="#000000">&#10;Page number, paragraph number or requirement number depending of what is more appropriate in this document</Font></ss:Data></Comment></Cell>
    <Cell ss:StyleID="s95"><Data ss:Type="String">Maj/Min/Q</Data><Comment
      ss:Author="Baro Sylvain"><ss:Data xmlns="http://www.w3.org/TR/REC-html40"><B><Font
         html:Face="Tahoma" html:Size="9" html:Color="#000000">Baro Sylvain:</Font></B><Font
        html:Face="Tahoma" html:Size="9" html:Color="#000000">&#10;Major/Minor/Question</Font></ss:Data></Comment></Cell>
    <Cell ss:StyleID="s96"><Data ss:Type="String">Comment</Data></Cell>
    <Cell ss:StyleID="s96"><Data ss:Type="String">Answer</Data></Cell>
    <Cell ss:StyleID="s95"><Data ss:Type="String">OK/NOK/OPEN</Data><Comment
      ss:Author="Baro Sylvain"><ss:Data xmlns="http://www.w3.org/TR/REC-html40"><B><Font
         html:Face="Tahoma" html:Size="9" html:Color="#000000">Baro Sylvain:</Font></B><Font
        html:Face="Tahoma" html:Size="9" html:Color="#000000">&#10;OPEN = Open issue, added on the dedicated sheet.&#10;</Font></ss:Data></Comment></Cell>
   </Row>
   <Row ss:AutoFitHeight="0" ss:Height="25.5">
    <Cell ss:Index="2"><Data ss:Type="String">PM</Data></Cell>
    <Cell ss:StyleID="s97"><Data ss:Type="String">cover / all</Data></Cell>
    <Cell><Data ss:Type="String">Min</Data></Cell>
    <Cell><Data ss:Type="String">The document template should be updated. The new template can be found on git in the ecosystem repository.</Data></Cell>
   </Row>
   <Row ss:AutoFitHeight="0" ss:Height="30">
    <Cell ss:Index="2"><Data ss:Type="String">PM</Data></Cell>
    <Cell><Data ss:Type="String">p 7, §1.1</Data></Cell>
    <Cell ss:StyleID="s98"><Data ss:Type="String">Min</Data></Cell>
    <Cell><ss:Data ss:Type="String" xmlns="http://www.w3.org/TR/REC-html40"> <Font
       html:Face="Calibri" html:Size="11">Maybe the list of tools/things included in the tool chain should be exhaustive</Font></ss:Data></Cell>
   </Row>
   <Row ss:AutoFitHeight="0" ss:Height="25.5">
    <Cell ss:Index="2"><Data ss:Type="String">PM</Data></Cell>
    <Cell ss:StyleID="s97"><Data ss:Type="String">p 7, §1.1</Data></Cell>
    <Cell ss:StyleID="s98"><Data ss:Type="String">Min</Data></Cell>
    <Cell><Data ss:Type="String">“can be used by the industrial as reference” -&gt; “can be used by the industry as reference”</Data></Cell>
   </Row>
   <Row ss:AutoFitHeight="0" ss:Height="23.25">
    <Cell ss:Index="2"><Data ss:Type="String">PM</Data></Cell>
    <Cell ss:StyleID="s97"><Data ss:Type="String">§2</Data></Cell>
    <Cell ss:StyleID="s98"><Data ss:Type="String">Min</Data></Cell>
    <Cell><Data ss:Type="String">Maybe bibtex should be used to reference documents</Data></Cell>
   </Row>
   <Row ss:AutoFitHeight="0" ss:Height="27.75">
    <Cell ss:Index="2"><Data ss:Type="String">PM</Data></Cell>
    <Cell ss:StyleID="s97"><Data ss:Type="String">§4</Data></Cell>
    <Cell ss:StyleID="s98"><Data ss:Type="String">Min</Data></Cell>
    <Cell ss:StyleID="s97"><Data ss:Type="String">&quot;First, asystem&quot; -&gt; &quot;First, a system&quot;</Data></Cell>
   </Row>
   <Row ss:AutoFitHeight="0" ss:Height="38.25">
    <Cell ss:Index="2"><Data ss:Type="String">PM</Data></Cell>
    <Cell ss:StyleID="s97"><Data ss:Type="String">p 1, §4</Data></Cell>
    <Cell ss:StyleID="s98"><Data ss:Type="String">Min</Data></Cell>
    <Cell ss:StyleID="s97"><ss:Data ss:Type="String"
      xmlns="http://www.w3.org/TR/REC-html40">&quot;This model <U>can be</U><Font> completed with a formal model to focus on a subset of the functions or properties&quot;. Should this really be &quot;can be&quot; or rather &quot;will be&quot;? </Font></ss:Data></Cell>
   </Row>
   <Row ss:AutoFitHeight="0" ss:Height="76.5">
    <Cell ss:Index="2"><Data ss:Type="String">PM</Data></Cell>
    <Cell ss:StyleID="s97"><Data ss:Type="String">p 2, §4.2</Data></Cell>
    <Cell ss:StyleID="s98"><Data ss:Type="String">Min</Data></Cell>
    <Cell ss:StyleID="s97"><Data ss:Type="String">consider using the hyperref package to make links clickable</Data></Cell>
   </Row>
   <Row ss:AutoFitHeight="0" ss:Height="38.25">
    <Cell ss:Index="2"><Data ss:Type="String">PM</Data></Cell>
    <Cell ss:StyleID="s97"><Data ss:Type="String">p 2, §4.2</Data></Cell>
    <Cell ss:StyleID="s98"><Data ss:Type="String">Min</Data></Cell>
    <Cell ss:StyleID="s97"><Data ss:Type="String">&quot;Deutsch Bahn&quot; -&gt; &quot;Deutsche Bahn&quot;</Data></Cell>
   </Row>
   <Row ss:AutoFitHeight="0" ss:Height="38.25">
    <Cell ss:Index="2"><Data ss:Type="String">PM</Data></Cell>
    <Cell ss:StyleID="s97"><Data ss:Type="String">p 15, §4.4.4</Data></Cell>
    <Cell ss:StyleID="s98"><Data ss:Type="String">Min</Data></Cell>
    <Cell ss:StyleID="s97"><Data ss:Type="String">&quot;documented in detailed&quot; -&gt; &quot;documented in detail&quot;</Data></Cell>
   </Row>
   <Row>
    <Cell ss:Index="2"><Data ss:Type="String">PM</Data></Cell>
    <Cell ss:StyleID="s97"><Data ss:Type="String">p 17, §4.5.3</Data></Cell>
    <Cell ss:StyleID="s98"><Data ss:Type="String">Min</Data></Cell>
    <Cell ss:StyleID="s97"><Data ss:Type="String">&quot;shall be modelled in details.&quot; -&gt; &quot;shall be modelled in detail.&quot;</Data></Cell>
   </Row>
   <Row ss:AutoFitHeight="0" ss:Height="25.5">
    <Cell ss:Index="2"><Data ss:Type="String">PM</Data></Cell>
    <Cell ss:StyleID="s97"><Data ss:Type="String">p 17, §4.5.4</Data></Cell>
    <Cell ss:StyleID="s98"><Data ss:Type="String">Min</Data></Cell>
    <Cell ss:StyleID="s97"><Data ss:Type="String">&quot;The method and process used to during&quot; -&gt; &quot;The method and process used during&quot;</Data></Cell>
   </Row>
   <Row>
    <Cell ss:Index="2"><Data ss:Type="String">PM</Data></Cell>
    <Cell ss:StyleID="s97"><Data ss:Type="String">p 18, §4.6.3</Data></Cell>
    <Cell ss:StyleID="s98"><Data ss:Type="String">Min</Data></Cell>
    <Cell ss:StyleID="s97"><Data ss:Type="String">&quot;shall covered criteria&quot; -&gt; &quot;shall cover the criteria&quot;</Data></Cell>
   </Row>
   <Row ss:Height="51" ss:StyleID="s102">
    <Cell ss:StyleID="s84"/>
    <Cell ss:StyleID="s81"><Data ss:Type="String">BH</Data></Cell>
    <Cell ss:StyleID="s85"><Data ss:Type="String">general</Data></Cell>
    <Cell ss:StyleID="s81"><Data ss:Type="String">Maj</Data></Cell>
    <Cell ss:StyleID="s85"><Data ss:Type="String">The document tends to exclude safety aspects from the process. Exclusion is not the right approach. We have to provide a process which handles vital and non-vital cases. We will have some add-ons for safety-critical parts as on-top.</Data></Cell>
    <Cell ss:StyleID="s85"/>
    <Cell ss:StyleID="s81"/>
   </Row>
   <Row ss:Height="51" ss:StyleID="s102">
    <Cell ss:StyleID="s84"/>
    <Cell ss:StyleID="s81"><Data ss:Type="String">BH</Data></Cell>
    <Cell ss:StyleID="s85"><Data ss:Type="String">general</Data></Cell>
    <Cell ss:StyleID="s81"><Data ss:Type="String">Maj</Data></Cell>
    <Cell ss:StyleID="s85"><Data ss:Type="String">I would like to seee a proper definition of &quot;vital&quot;, &quot;non-vital&quot;, &quot;safety&quot;, &quot;formal&quot;, &quot;strictly formal&quot;, &quot;semi-formal&quot; in one oif the requirements documents. I believe the process would be a nice place.</Data></Cell>
    <Cell ss:StyleID="s85"/>
    <Cell ss:StyleID="s81"/>
   </Row>
   <Row ss:Height="25.5" ss:StyleID="s102">
    <Cell ss:StyleID="s84"/>
    <Cell ss:StyleID="s81"><Data ss:Type="String">BH</Data></Cell>
    <Cell ss:StyleID="s85"><Data ss:Type="String">p 6, line 8</Data></Cell>
    <Cell ss:StyleID="s81"><Data ss:Type="String">Maj</Data></Cell>
    <Cell ss:StyleID="s85"><Data ss:Type="String">Missing purpose: &quot;to give feedback to ERA/UNISIG&quot; in order to improve the standards to become un-ambigous and correct&quot;</Data></Cell>
    <Cell ss:StyleID="s85"/>
    <Cell ss:StyleID="s81"/>
   </Row>
   <Row ss:Height="25.5" ss:StyleID="s102">
    <Cell ss:StyleID="s84"/>
    <Cell ss:StyleID="s81"><Data ss:Type="String">BH</Data></Cell>
    <Cell ss:StyleID="s85"><Data ss:Type="String">p 6, line 8</Data></Cell>
    <Cell ss:StyleID="s81"><Data ss:Type="String">Maj</Data></Cell>
    <Cell ss:StyleID="s85"><Data ss:Type="String">Missing purpose: &quot;to provide an executable reference implementation on a non-vital system&quot;</Data></Cell>
    <Cell ss:StyleID="s85"/>
    <Cell ss:StyleID="s81"/>
   </Row>
   <Row ss:Height="38.25" ss:StyleID="s102">
    <Cell ss:StyleID="s84"/>
    <Cell ss:StyleID="s81"><Data ss:Type="String">BH</Data></Cell>
    <Cell ss:StyleID="s85"><Data ss:Type="String">p 11, line 8</Data></Cell>
    <Cell ss:StyleID="s81"><Data ss:Type="String">Min</Data></Cell>
    <Cell ss:StyleID="s85"><Data ss:Type="String">The sentence &quot;This refence baseline… &quot; is not clear. The documents as such are out of scope of the project. Please, clarify.</Data></Cell>
    <Cell ss:StyleID="s85"/>
    <Cell ss:StyleID="s81"/>
   </Row>
   <Row ss:Height="25.5" ss:StyleID="s102">
    <Cell ss:StyleID="s84"/>
    <Cell ss:StyleID="s81"><Data ss:Type="String">BH</Data></Cell>
    <Cell ss:StyleID="s85"><Data ss:Type="String">p 11, §4.3.1</Data></Cell>
    <Cell ss:StyleID="s81"><Data ss:Type="String">Maj</Data></Cell>
    <Cell ss:StyleID="s85"><Data ss:Type="String">Missing objective: &quot;message sequence charts showing the communication between functional blocks&quot;</Data></Cell>
    <Cell ss:StyleID="s85"/>
    <Cell ss:StyleID="s81"/>
   </Row>
   <Row ss:Height="25.5" ss:StyleID="s102">
    <Cell ss:StyleID="s84"/>
    <Cell ss:StyleID="s81"><Data ss:Type="String">BH</Data></Cell>
    <Cell ss:StyleID="s85"><Data ss:Type="String">p 11, §4.3.2</Data></Cell>
    <Cell ss:StyleID="s81"><Data ss:Type="String">Min</Data></Cell>
    <Cell ss:StyleID="s85"><Data ss:Type="String">The term &quot;requirement allocation&quot; is not clear. Please, rephrase.</Data></Cell>
    <Cell ss:StyleID="s85"/>
    <Cell ss:StyleID="s81"/>
   </Row>
   <Row ss:Height="51" ss:StyleID="s102">
    <Cell ss:StyleID="s84"/>
    <Cell ss:StyleID="s81"><Data ss:Type="String">BH</Data></Cell>
    <Cell ss:StyleID="s85"><Data ss:Type="String">p 12, bullets</Data></Cell>
    <Cell ss:StyleID="s81"><Data ss:Type="String">Maj</Data></Cell>
    <Cell ss:StyleID="s85"><Data ss:Type="String">you limit our activity to train only - which is correct. However, in the interface with track we need to take those parts into scope which are necessary to understand the behaviour of the train. We should have this statement somewhere.</Data></Cell>
    <Cell ss:StyleID="s85"/>
    <Cell ss:StyleID="s81"/>
   </Row>
   <Row ss:Height="25.5">
    <Cell ss:Index="2"><Data ss:Type="String">BH</Data></Cell>
    <Cell><Data ss:Type="String">p 12, 5th bullet</Data></Cell>
    <Cell><Data ss:Type="String">Maj</Data></Cell>
    <Cell><Data ss:Type="String">text is not consistent with the description in D2.6. Please, take description from requirements.</Data></Cell>
   </Row>
   <Row>
    <Cell ss:Index="2"><Data ss:Type="String">BH</Data></Cell>
    <Cell><Data ss:Type="String">p12, line 20</Data></Cell>
    <Cell><Data ss:Type="String">Min</Data></Cell>
    <Cell><Data ss:Type="String">Please, define the term &quot;safety tag&quot;</Data></Cell>
   </Row>
   <Row>
    <Cell ss:Index="2"><Data ss:Type="String">BH</Data></Cell>
    <Cell><Data ss:Type="String">p12, line 28</Data></Cell>
    <Cell><Data ss:Type="String">Maj</Data></Cell>
    <Cell><Data ss:Type="String">SSRS and API have to be structured documents.</Data></Cell>
   </Row>
   <Row ss:Height="38.25">
    <Cell ss:Index="2"><Data ss:Type="String">BH</Data></Cell>
    <Cell><Data ss:Type="String">p12, § 4.3.4</Data></Cell>
    <Cell><Data ss:Type="String">Maj</Data></Cell>
    <Cell><Data ss:Type="String">I propose to make use of message sequence charts in the SSRS. In telecom they are part of the ETSI standards and they are close to formal. I did not see them so far in SRS.</Data></Cell>
   </Row>
   <Row ss:Height="25.5">
    <Cell ss:Index="2"><Data ss:Type="String">BH</Data></Cell>
    <Cell><Data ss:Type="String">p13, line 5</Data></Cell>
    <Cell><Data ss:Type="String">Maj</Data></Cell>
    <Cell><Data ss:Type="String">natural language is not sufficient. We need structure language to reach our target</Data></Cell>
   </Row>
   <Row ss:Height="25.5">
    <Cell ss:Index="2"><Data ss:Type="String">BH</Data></Cell>
    <Cell><Data ss:Type="String">p13, §4.4.2, 2ndpart</Data></Cell>
    <Cell><Data ss:Type="String">Maj</Data></Cell>
    <Cell><Data ss:Type="String">Please, replace &quot;can be completed&quot; by &quot;can be extended&quot;</Data></Cell>
   </Row>
   <Row ss:Height="25.5">
    <Cell ss:Index="2"><Data ss:Type="String">BH</Data></Cell>
    <Cell><Data ss:Type="String">p13, §4.4.3</Data></Cell>
    <Cell><Data ss:Type="String">Min</Data></Cell>
    <Cell><Data ss:Type="String">What is meant with &quot;subsystem hazard analysis&quot;? Please, specify&quot;</Data></Cell>
   </Row>
   <Row ss:Height="25.5">
    <Cell ss:Index="2"><Data ss:Type="String">BH</Data></Cell>
    <Cell><Data ss:Type="String">p14, line 1</Data></Cell>
    <Cell><Data ss:Type="String">Maj</Data></Cell>
    <Cell><Data ss:Type="String">Please, replace &quot;can be completed with &quot; by &quot;can be extended by&quot;</Data></Cell>
   </Row>
   <Row ss:Height="25.5">
    <Cell ss:Index="2"><Data ss:Type="String">BH</Data></Cell>
    <Cell><Data ss:Type="String">p14, §4.5.2, Outputs</Data></Cell>
    <Cell><Data ss:Type="String">Maj</Data></Cell>
    <Cell><Data ss:Type="String">We have no &quot;design choices&quot; in Baseline 3. Clear statement from ERA. Please, delete this part of the sentence.</Data></Cell>
   </Row>
   <Row ss:Height="25.5">
    <Cell ss:Index="2"><Data ss:Type="String">BH</Data></Cell>
    <Cell><Data ss:Type="String">p15, Figure 3</Data></Cell>
    <Cell><Data ss:Type="String">Maj</Data></Cell>
    <Cell><Data ss:Type="String">In this picture, the Sil 4 shall  be shaded with &quot;out of scope of project&quot; (like done before in other figures).</Data></Cell>
   </Row>
   <Row ss:Height="25.5">
    <Cell ss:Index="2"><Data ss:Type="String">BH</Data></Cell>
    <Cell><Data ss:Type="String">p17, line 3</Data></Cell>
    <Cell><Data ss:Type="String">Maj</Data></Cell>
    <Cell><Data ss:Type="String">We have no &quot;design choices&quot; in Baseline 3. Clear statement from ERA. Please, delete this part of the sentence.</Data></Cell>
   </Row>
  </Table>
  <WorksheetOptions xmlns="urn:schemas-microsoft-com:office:excel">
   <PageSetup>
    <Header x:Margin="0.4921259845"/>
    <Footer x:Margin="0.4921259845"/>
    <PageMargins x:Bottom="0.984251969" x:Left="0.78740157499999996"
     x:Right="0.78740157499999996" x:Top="0.984251969"/>
   </PageSetup>
   <Print>
    <ValidPrinterInfo/>
    <PaperSizeIndex>9</PaperSizeIndex>
    <HorizontalResolution>600</HorizontalResolution>
    <VerticalResolution>600</VerticalResolution>
   </Print>
   <Selected/>
   <TopRowVisible>15</TopRowVisible>
   <Panes>
    <Pane>
     <Number>3</Number>
     <ActiveRow>31</ActiveRow>
     <ActiveCol>2</ActiveCol>
    </Pane>
   </Panes>
   <ProtectObjects>False</ProtectObjects>
   <ProtectScenarios>False</ProtectScenarios>
  </WorksheetOptions>
  <ConditionalFormatting xmlns="urn:schemas-microsoft-com:office:excel">
   <Range>R1C7:R18C7,R21C7:R30C7,R32C7:R33C7,R35C7:R1048576C7</Range>
   <Condition>
    <Qualifier>Equal</Qualifier>
    <Value1>&quot;OK&quot;</Value1>
    <Format Style='background:lime'/>
   </Condition>
   <Condition>
    <Qualifier>Equal</Qualifier>
    <Value1>&quot;NOK&quot;</Value1>
    <Format Style='background:#FF6600'/>
   </Condition>
   <Condition>
    <Qualifier>Equal</Qualifier>
    <Value1>&quot;OPEN&quot;</Value1>
    <Format Style='background:red'/>
   </Condition>
  </ConditionalFormatting>
  <ConditionalFormatting xmlns="urn:schemas-microsoft-com:office:excel">
   <Range>R19C7</Range>
   <Condition>
    <Qualifier>Equal</Qualifier>
    <Value1>&quot;OK&quot;</Value1>
    <Format Style='background:lime'/>
   </Condition>
   <Condition>
    <Qualifier>Equal</Qualifier>
    <Value1>&quot;NOK&quot;</Value1>
    <Format Style='background:#FF6600'/>
   </Condition>
   <Condition>
    <Qualifier>Equal</Qualifier>
    <Value1>&quot;OPEN&quot;</Value1>
    <Format Style='background:red'/>
   </Condition>
  </ConditionalFormatting>
  <ConditionalFormatting xmlns="urn:schemas-microsoft-com:office:excel">
   <Range>R20C7</Range>
   <Condition>
    <Qualifier>Equal</Qualifier>
    <Value1>&quot;OK&quot;</Value1>
    <Format Style='background:lime'/>
   </Condition>
   <Condition>
    <Qualifier>Equal</Qualifier>
    <Value1>&quot;NOK&quot;</Value1>
    <Format Style='background:#FF6600'/>
   </Condition>
   <Condition>
    <Qualifier>Equal</Qualifier>
    <Value1>&quot;OPEN&quot;</Value1>
    <Format Style='background:red'/>
   </Condition>
  </ConditionalFormatting>
  <ConditionalFormatting xmlns="urn:schemas-microsoft-com:office:excel">
   <Range>R31C7</Range>
   <Condition>
    <Qualifier>Equal</Qualifier>
    <Value1>&quot;OK&quot;</Value1>
    <Format Style='background:lime'/>
   </Condition>
   <Condition>
    <Qualifier>Equal</Qualifier>
    <Value1>&quot;NOK&quot;</Value1>
    <Format Style='background:#FF6600'/>
   </Condition>
   <Condition>
    <Qualifier>Equal</Qualifier>
    <Value1>&quot;OPEN&quot;</Value1>
    <Format Style='background:red'/>
   </Condition>
  </ConditionalFormatting>
  <ConditionalFormatting xmlns="urn:schemas-microsoft-com:office:excel">
   <Range>R34C7</Range>
   <Condition>
    <Qualifier>Equal</Qualifier>
    <Value1>&quot;OK&quot;</Value1>
    <Format Style='background:lime'/>
   </Condition>
   <Condition>
    <Qualifier>Equal</Qualifier>
    <Value1>&quot;NOK&quot;</Value1>
    <Format Style='background:#FF6600'/>
   </Condition>
   <Condition>
    <Qualifier>Equal</Qualifier>
    <Value1>&quot;OPEN&quot;</Value1>
    <Format Style='background:red'/>
   </Condition>
  </ConditionalFormatting>
 </Worksheet>
 <Worksheet ss:Name="Main Issues">
  <Table ss:ExpandedColumnCount="5" ss:ExpandedRowCount="38" x:FullColumns="1"
   x:FullRows="1" ss:DefaultColumnWidth="60">
   <Column ss:AutoFitWidth="0" ss:Width="38.25"/>
   <Column ss:AutoFitWidth="0" ss:Width="132.75"/>
   <Column ss:AutoFitWidth="0" ss:Width="330"/>
   <Column ss:AutoFitWidth="0" ss:Width="317.25"/>
   <Row ss:AutoFitHeight="0" ss:Height="20.25">
    <Cell ss:StyleID="s103"><Data ss:Type="String">Main/Open Issues</Data></Cell>
   </Row>
   <Row ss:Index="3">
    <Cell ss:StyleID="s96"><Data ss:Type="String">#</Data></Cell>
    <Cell ss:StyleID="s96"><Data ss:Type="String">Title</Data></Cell>
    <Cell ss:StyleID="s96"><Data ss:Type="String">Description</Data></Cell>
    <Cell ss:StyleID="s96"><Data ss:Type="String">Proposal</Data></Cell>
    <Cell ss:StyleID="s96"><Data ss:Type="String">Status</Data></Cell>
   </Row>
   <Row>
    <Cell ss:StyleID="s85"/>
    <Cell ss:StyleID="s85"/>
    <Cell ss:StyleID="s85"/>
    <Cell ss:StyleID="s85"/>
    <Cell ss:StyleID="s85"/>
   </Row>
   <Row>
    <Cell ss:StyleID="s85"/>
    <Cell ss:StyleID="s85"/>
    <Cell ss:StyleID="s85"/>
    <Cell ss:StyleID="s85"/>
    <Cell ss:StyleID="s85"/>
   </Row>
   <Row>
    <Cell ss:StyleID="s85"/>
    <Cell ss:StyleID="s85"/>
    <Cell ss:StyleID="s85"/>
    <Cell ss:StyleID="s85"/>
    <Cell ss:StyleID="s85"/>
   </Row>
   <Row>
    <Cell ss:StyleID="s85"/>
    <Cell ss:StyleID="s85"/>
    <Cell ss:StyleID="s85"/>
    <Cell ss:StyleID="s85"/>
    <Cell ss:StyleID="s85"/>
   </Row>
   <Row>
    <Cell ss:StyleID="s85"/>
    <Cell ss:StyleID="s85"/>
    <Cell ss:StyleID="s85"/>
    <Cell ss:StyleID="s85"/>
    <Cell ss:StyleID="s81"/>
   </Row>
   <Row>
    <Cell ss:StyleID="s85"/>
    <Cell ss:StyleID="s85"/>
    <Cell ss:StyleID="s85"/>
    <Cell ss:StyleID="s85"/>
    <Cell ss:StyleID="s81"/>
   </Row>
   <Row>
    <Cell ss:StyleID="s85"/>
    <Cell ss:StyleID="s85"/>
    <Cell ss:StyleID="s85"/>
    <Cell ss:StyleID="s85"/>
    <Cell ss:StyleID="s81"/>
   </Row>
   <Row>
    <Cell ss:StyleID="s85"/>
    <Cell ss:StyleID="s85"/>
    <Cell ss:StyleID="s85"/>
    <Cell ss:StyleID="s85"/>
    <Cell ss:StyleID="s81"/>
   </Row>
   <Row>
    <Cell ss:StyleID="s85"/>
    <Cell ss:StyleID="s85"/>
    <Cell ss:StyleID="s85"/>
    <Cell ss:StyleID="s85"/>
    <Cell ss:StyleID="s81"/>
   </Row>
   <Row>
    <Cell ss:StyleID="s85"/>
    <Cell ss:StyleID="s85"/>
    <Cell ss:StyleID="s85"/>
    <Cell ss:StyleID="s85"/>
    <Cell ss:StyleID="s81"/>
   </Row>
   <Row>
    <Cell ss:StyleID="s85"/>
    <Cell ss:StyleID="s85"/>
    <Cell ss:StyleID="s85"/>
    <Cell ss:StyleID="s85"/>
    <Cell ss:StyleID="s81"/>
   </Row>
   <Row>
    <Cell ss:StyleID="s85"/>
    <Cell ss:StyleID="s85"/>
    <Cell ss:StyleID="s85"/>
    <Cell ss:StyleID="s85"/>
    <Cell ss:StyleID="s81"/>
   </Row>
   <Row>
    <Cell ss:StyleID="s85"/>
    <Cell ss:StyleID="s85"/>
    <Cell ss:StyleID="s85"/>
    <Cell ss:StyleID="s85"/>
    <Cell ss:StyleID="s81"/>
   </Row>
   <Row>
    <Cell ss:StyleID="s85"/>
    <Cell ss:StyleID="s85"/>
    <Cell ss:StyleID="s85"/>
    <Cell ss:StyleID="s85"/>
    <Cell ss:StyleID="s81"/>
   </Row>
   <Row>
    <Cell ss:StyleID="s85"/>
    <Cell ss:StyleID="s85"/>
    <Cell ss:StyleID="s85"/>
    <Cell ss:StyleID="s85"/>
    <Cell ss:StyleID="s81"/>
   </Row>
   <Row>
    <Cell ss:StyleID="s85"/>
    <Cell ss:StyleID="s85"/>
    <Cell ss:StyleID="s85"/>
    <Cell ss:StyleID="s85"/>
    <Cell ss:StyleID="s81"/>
   </Row>
   <Row>
    <Cell ss:StyleID="s85"/>
    <Cell ss:StyleID="s85"/>
    <Cell ss:StyleID="s85"/>
    <Cell ss:StyleID="s85"/>
    <Cell ss:StyleID="s81"/>
   </Row>
   <Row>
    <Cell ss:StyleID="s85"/>
    <Cell ss:StyleID="s85"/>
    <Cell ss:StyleID="s85"/>
    <Cell ss:StyleID="s85"/>
    <Cell ss:StyleID="s81"/>
   </Row>
   <Row>
    <Cell ss:StyleID="s85"/>
    <Cell ss:StyleID="s85"/>
    <Cell ss:StyleID="s85"/>
    <Cell ss:StyleID="s85"/>
    <Cell ss:StyleID="s81"/>
   </Row>
   <Row>
    <Cell ss:StyleID="s85"/>
    <Cell ss:StyleID="s85"/>
    <Cell ss:StyleID="s85"/>
    <Cell ss:StyleID="s85"/>
    <Cell ss:StyleID="s81"/>
   </Row>
   <Row>
    <Cell ss:StyleID="s85"/>
    <Cell ss:StyleID="s85"/>
    <Cell ss:StyleID="s85"/>
    <Cell ss:StyleID="s85"/>
    <Cell ss:StyleID="s81"/>
   </Row>
   <Row>
    <Cell ss:StyleID="s85"/>
    <Cell ss:StyleID="s85"/>
    <Cell ss:StyleID="s85"/>
    <Cell ss:StyleID="s85"/>
    <Cell ss:StyleID="s81"/>
   </Row>
   <Row>
    <Cell ss:StyleID="s85"/>
    <Cell ss:StyleID="s85"/>
    <Cell ss:StyleID="s85"/>
    <Cell ss:StyleID="s85"/>
    <Cell ss:StyleID="s81"/>
   </Row>
   <Row>
    <Cell ss:StyleID="s85"/>
    <Cell ss:StyleID="s85"/>
    <Cell ss:StyleID="s85"/>
    <Cell ss:StyleID="s85"/>
    <Cell ss:StyleID="s81"/>
   </Row>
   <Row>
    <Cell ss:StyleID="s85"/>
    <Cell ss:StyleID="s85"/>
    <Cell ss:StyleID="s85"/>
    <Cell ss:StyleID="s85"/>
    <Cell ss:StyleID="s81"/>
   </Row>
   <Row>
    <Cell ss:StyleID="s85"/>
    <Cell ss:StyleID="s85"/>
    <Cell ss:StyleID="s85"/>
    <Cell ss:StyleID="s85"/>
    <Cell ss:StyleID="s81"/>
   </Row>
   <Row>
    <Cell ss:StyleID="s85"/>
    <Cell ss:StyleID="s85"/>
    <Cell ss:StyleID="s85"/>
    <Cell ss:StyleID="s85"/>
    <Cell ss:StyleID="s81"/>
   </Row>
   <Row>
    <Cell ss:StyleID="s85"/>
    <Cell ss:StyleID="s85"/>
    <Cell ss:StyleID="s85"/>
    <Cell ss:StyleID="s85"/>
    <Cell ss:StyleID="s81"/>
   </Row>
   <Row>
    <Cell ss:StyleID="s85"/>
    <Cell ss:StyleID="s85"/>
    <Cell ss:StyleID="s85"/>
    <Cell ss:StyleID="s85"/>
    <Cell ss:StyleID="s81"/>
   </Row>
   <Row>
    <Cell ss:StyleID="s85"/>
    <Cell ss:StyleID="s85"/>
    <Cell ss:StyleID="s85"/>
    <Cell ss:StyleID="s85"/>
    <Cell ss:StyleID="s81"/>
   </Row>
   <Row>
    <Cell ss:StyleID="s85"/>
    <Cell ss:StyleID="s85"/>
    <Cell ss:StyleID="s85"/>
    <Cell ss:StyleID="s85"/>
    <Cell ss:StyleID="s81"/>
   </Row>
   <Row>
    <Cell ss:StyleID="s85"/>
    <Cell ss:StyleID="s85"/>
    <Cell ss:StyleID="s85"/>
    <Cell ss:StyleID="s85"/>
    <Cell ss:StyleID="s81"/>
   </Row>
   <Row>
    <Cell ss:StyleID="s85"/>
    <Cell ss:StyleID="s85"/>
    <Cell ss:StyleID="s85"/>
    <Cell ss:StyleID="s85"/>
    <Cell ss:StyleID="s81"/>
   </Row>
   <Row>
    <Cell ss:StyleID="s85"/>
    <Cell ss:StyleID="s85"/>
    <Cell ss:StyleID="s85"/>
    <Cell ss:StyleID="s85"/>
    <Cell ss:StyleID="s81"/>
   </Row>
   <Row>
    <Cell ss:StyleID="s85"/>
    <Cell ss:StyleID="s85"/>
    <Cell ss:StyleID="s85"/>
    <Cell ss:StyleID="s85"/>
    <Cell ss:StyleID="s81"/>
   </Row>
  </Table>
  <WorksheetOptions xmlns="urn:schemas-microsoft-com:office:excel">
   <PageSetup>
    <Header x:Margin="0.4921259845"/>
    <Footer x:Margin="0.4921259845"/>
    <PageMargins x:Bottom="0.984251969" x:Left="0.78740157499999996"
     x:Right="0.78740157499999996" x:Top="0.984251969"/>
   </PageSetup>
   <Print>
    <ValidPrinterInfo/>
    <PaperSizeIndex>9</PaperSizeIndex>
    <HorizontalResolution>600</HorizontalResolution>
    <VerticalResolution>600</VerticalResolution>
   </Print>
   <Panes>
    <Pane>
     <Number>3</Number>
     <ActiveRow>2</ActiveRow>
    </Pane>
   </Panes>
   <ProtectObjects>False</ProtectObjects>
   <ProtectScenarios>False</ProtectScenarios>
  </WorksheetOptions>
 </Worksheet>
</Workbook>
